date,bitcoin_unscaled,bitcoin_monthly,isPartial,scale,bitcoin
2013-01-01,58,1.0,False,0.01,0.58
2013-01-02,45,1.0,,0.01,0.45
2013-01-03,33,1.0,,0.01,0.33
2013-01-04,52,1.0,,0.01,0.52
2013-01-05,100,1.0,,0.01,1.0
2013-01-06,60,1.0,,0.01,0.6
2013-01-07,77,1.0,,0.01,0.77
2013-01-08,40,1.0,,0.01,0.4
2013-01-09,65,1.0,,0.01,0.65
2013-01-10,47,1.0,,0.01,0.47000000000000003
2013-01-11,44,1.0,,0.01,0.44
2013-01-12,70,1.0,,0.01,0.7000000000000001
2013-01-13,43,1.0,,0.01,0.43
2013-01-14,46,1.0,,0.01,0.46
2013-01-15,46,1.0,,0.01,0.46
2013-01-16,25,1.0,,0.01,0.25
2013-01-17,43,1.0,,0.01,0.43
2013-01-18,62,1.0,,0.01,0.62
2013-01-19,35,1.0,,0.01,0.35000000000000003
2013-01-20,39,1.0,,0.01,0.39
2013-01-21,74,1.0,,0.01,0.74
2013-01-22,63,1.0,,0.01,0.63
2013-01-23,100,1.0,,0.01,1.0
2013-01-24,75,1.0,,0.01,0.75
2013-01-25,66,1.0,,0.01,0.66
2013-01-26,42,1.0,,0.01,0.42
2013-01-27,81,1.0,,0.01,0.81
2013-01-28,70,1.0,,0.01,0.7000000000000001
2013-01-29,81,1.0,,0.01,0.81
2013-01-30,66,1.0,,0.01,0.66
2013-01-31,94,1.0,,0.01,0.9400000000000001
2013-02-01,71,1.0,False,0.01,0.71
2013-02-02,67,1.0,,0.01,0.67
2013-02-03,16,1.0,,0.01,0.16
2013-02-04,74,1.0,,0.01,0.74
2013-02-05,30,1.0,,0.01,0.3
2013-02-06,63,1.0,,0.01,0.63
2013-02-07,52,1.0,,0.01,0.52
2013-02-08,56,1.0,,0.01,0.56
2013-02-09,40,1.0,,0.01,0.4
2013-02-10,84,1.0,,0.01,0.84
2013-02-11,40,1.0,,0.01,0.4
2013-02-12,57,1.0,,0.01,0.5700000000000001
2013-02-13,87,1.0,,0.01,0.87
2013-02-14,71,1.0,,0.01,0.71
2013-02-15,76,1.0,,0.01,0.76
2013-02-16,84,1.0,,0.01,0.84
2013-02-17,51,1.0,,0.01,0.51
2013-02-18,76,1.0,,0.01,0.76
2013-02-19,70,1.0,,0.01,0.7000000000000001
2013-02-20,46,1.0,,0.01,0.46
2013-02-21,69,1.0,,0.01,0.6900000000000001
2013-02-22,73,1.0,,0.01,0.73
2013-02-23,95,1.0,,0.01,0.9500000000000001
2013-02-24,100,1.0,,0.01,1.0
2013-02-25,74,1.0,,0.01,0.74
2013-02-26,47,1.0,,0.01,0.47000000000000003
2013-02-27,91,1.0,,0.01,0.91
2013-02-28,87,1.0,,0.01,0.87
2013-03-01,24,3.0,False,0.03,0.72
2013-03-02,23,3.0,,0.03,0.69
2013-03-03,16,3.0,,0.03,0.48
2013-03-04,21,3.0,,0.03,0.63
2013-03-05,25,3.0,,0.03,0.75
2013-03-06,38,3.0,,0.03,1.14
2013-03-07,37,3.0,,0.03,1.1099999999999999
2013-03-08,31,3.0,,0.03,0.9299999999999999
2013-03-09,35,3.0,,0.03,1.05
2013-03-10,26,3.0,,0.03,0.78
2013-03-11,31,3.0,,0.03,0.9299999999999999
2013-03-12,36,3.0,,0.03,1.08
2013-03-13,33,3.0,,0.03,0.99
2013-03-14,23,3.0,,0.03,0.69
2013-03-15,20,3.0,,0.03,0.6
2013-03-16,19,3.0,,0.03,0.57
2013-03-17,21,3.0,,0.03,0.63
2013-03-18,28,3.0,,0.03,0.84
2013-03-19,41,3.0,,0.03,1.23
2013-03-20,37,3.0,,0.03,1.1099999999999999
2013-03-21,51,3.0,,0.03,1.53
2013-03-22,64,3.0,,0.03,1.92
2013-03-23,58,3.0,,0.03,1.74
2013-03-24,51,3.0,,0.03,1.53
2013-03-25,43,3.0,,0.03,1.29
2013-03-26,52,3.0,,0.03,1.56
2013-03-27,54,3.0,,0.03,1.6199999999999999
2013-03-28,92,3.0,,0.03,2.76
2013-03-29,100,3.0,,0.03,3.0
2013-03-30,71,3.0,,0.03,2.13
2013-03-31,67,3.0,,0.03,2.01
2013-04-01,24,8.0,False,0.08,1.92
2013-04-02,33,8.0,,0.08,2.64
2013-04-03,50,8.0,,0.08,4.0
2013-04-04,44,8.0,,0.08,3.52
2013-04-05,36,8.0,,0.08,2.88
2013-04-06,25,8.0,,0.08,2.0
2013-04-07,30,8.0,,0.08,2.4
2013-04-08,40,8.0,,0.08,3.2
2013-04-09,49,8.0,,0.08,3.92
2013-04-10,89,8.0,,0.08,7.12
2013-04-11,100,8.0,,0.08,8.0
2013-04-12,94,8.0,,0.08,7.5200000000000005
2013-04-13,56,8.0,,0.08,4.48
2013-04-14,43,8.0,,0.08,3.44
2013-04-15,46,8.0,,0.08,3.68
2013-04-16,40,8.0,,0.08,3.2
2013-04-17,28,8.0,,0.08,2.24
2013-04-18,34,8.0,,0.08,2.72
2013-04-19,29,8.0,,0.08,2.32
2013-04-20,20,8.0,,0.08,1.6
2013-04-21,19,8.0,,0.08,1.52
2013-04-22,20,8.0,,0.08,1.6
2013-04-23,20,8.0,,0.08,1.6
2013-04-24,24,8.0,,0.08,1.92
2013-04-25,16,8.0,,0.08,1.28
2013-04-26,15,8.0,,0.08,1.2
2013-04-27,17,8.0,,0.08,1.36
2013-04-28,17,8.0,,0.08,1.36
2013-04-29,15,8.0,,0.08,1.2
2013-04-30,16,8.0,,0.08,1.28
2013-05-01,81,3.0,False,0.03,2.4299999999999997
2013-05-02,95,3.0,,0.03,2.85
2013-05-03,100,3.0,,0.03,3.0
2013-05-04,81,3.0,,0.03,2.4299999999999997
2013-05-05,88,3.0,,0.03,2.6399999999999997
2013-05-06,68,3.0,,0.03,2.04
2013-05-07,69,3.0,,0.03,2.07
2013-05-08,77,3.0,,0.03,2.31
2013-05-09,74,3.0,,0.03,2.2199999999999998
2013-05-10,55,3.0,,0.03,1.65
2013-05-11,69,3.0,,0.03,2.07
2013-05-12,54,3.0,,0.03,1.6199999999999999
2013-05-13,55,3.0,,0.03,1.65
2013-05-14,72,3.0,,0.03,2.16
2013-05-15,81,3.0,,0.03,2.4299999999999997
2013-05-16,87,3.0,,0.03,2.61
2013-05-17,58,3.0,,0.03,1.74
2013-05-18,61,3.0,,0.03,1.8299999999999998
2013-05-19,87,3.0,,0.03,2.61
2013-05-20,59,3.0,,0.03,1.77
2013-05-21,52,3.0,,0.03,1.56
2013-05-22,66,3.0,,0.03,1.98
2013-05-23,54,3.0,,0.03,1.6199999999999999
2013-05-24,45,3.0,,0.03,1.3499999999999999
2013-05-25,41,3.0,,0.03,1.23
2013-05-26,46,3.0,,0.03,1.38
2013-05-27,36,3.0,,0.03,1.08
2013-05-28,57,3.0,,0.03,1.71
2013-05-29,75,3.0,,0.03,2.25
2013-05-30,53,3.0,,0.03,1.5899999999999999
2013-05-31,45,3.0,,0.03,1.3499999999999999
2013-06-01,78,2.0,False,0.02,1.56
2013-06-02,73,2.0,,0.02,1.46
2013-06-03,66,2.0,,0.02,1.32
2013-06-04,51,2.0,,0.02,1.02
2013-06-05,62,2.0,,0.02,1.24
2013-06-06,74,2.0,,0.02,1.48
2013-06-07,49,2.0,,0.02,0.98
2013-06-08,57,2.0,,0.02,1.1400000000000001
2013-06-09,56,2.0,,0.02,1.12
2013-06-10,72,2.0,,0.02,1.44
2013-06-11,100,2.0,,0.02,2.0
2013-06-12,64,2.0,,0.02,1.28
2013-06-13,41,2.0,,0.02,0.8200000000000001
2013-06-14,58,2.0,,0.02,1.16
2013-06-15,63,2.0,,0.02,1.26
2013-06-16,39,2.0,,0.02,0.78
2013-06-17,51,2.0,,0.02,1.02
2013-06-18,60,2.0,,0.02,1.2
2013-06-19,40,2.0,,0.02,0.8
2013-06-20,52,2.0,,0.02,1.04
2013-06-21,46,2.0,,0.02,0.92
2013-06-22,51,2.0,,0.02,1.02
2013-06-23,62,2.0,,0.02,1.24
2013-06-24,61,2.0,,0.02,1.22
2013-06-25,64,2.0,,0.02,1.28
2013-06-26,45,2.0,,0.02,0.9
2013-06-27,59,2.0,,0.02,1.18
2013-06-28,85,2.0,,0.02,1.7
2013-06-29,47,2.0,,0.02,0.9400000000000001
2013-06-30,53,2.0,,0.02,1.06
2013-07-01,87,2.0,False,0.02,1.74
2013-07-02,100,2.0,,0.02,2.0
2013-07-03,90,2.0,,0.02,1.8
2013-07-04,64,2.0,,0.02,1.28
2013-07-05,55,2.0,,0.02,1.1
2013-07-06,53,2.0,,0.02,1.06
2013-07-07,56,2.0,,0.02,1.12
2013-07-08,52,2.0,,0.02,1.04
2013-07-09,55,2.0,,0.02,1.1
2013-07-10,56,2.0,,0.02,1.12
2013-07-11,52,2.0,,0.02,1.04
2013-07-12,43,2.0,,0.02,0.86
2013-07-13,49,2.0,,0.02,0.98
2013-07-14,37,2.0,,0.02,0.74
2013-07-15,37,2.0,,0.02,0.74
2013-07-16,32,2.0,,0.02,0.64
2013-07-17,32,2.0,,0.02,0.64
2013-07-18,42,2.0,,0.02,0.84
2013-07-19,26,2.0,,0.02,0.52
2013-07-20,50,2.0,,0.02,1.0
2013-07-21,43,2.0,,0.02,0.86
2013-07-22,43,2.0,,0.02,0.86
2013-07-23,51,2.0,,0.02,1.02
2013-07-24,48,2.0,,0.02,0.96
2013-07-25,42,2.0,,0.02,0.84
2013-07-26,38,2.0,,0.02,0.76
2013-07-27,42,2.0,,0.02,0.84
2013-07-28,45,2.0,,0.02,0.9
2013-07-29,43,2.0,,0.02,0.86
2013-07-30,49,2.0,,0.02,0.98
2013-07-31,62,2.0,,0.02,1.24
2013-08-01,64,2.0,False,0.02,1.28
2013-08-02,48,2.0,,0.02,0.96
2013-08-03,59,2.0,,0.02,1.18
2013-08-04,87,2.0,,0.02,1.74
2013-08-05,84,2.0,,0.02,1.68
2013-08-06,70,2.0,,0.02,1.4000000000000001
2013-08-07,78,2.0,,0.02,1.56
2013-08-08,80,2.0,,0.02,1.6
2013-08-09,94,2.0,,0.02,1.8800000000000001
2013-08-10,59,2.0,,0.02,1.18
2013-08-11,56,2.0,,0.02,1.12
2013-08-12,82,2.0,,0.02,1.6400000000000001
2013-08-13,78,2.0,,0.02,1.56
2013-08-14,100,2.0,,0.02,2.0
2013-08-15,99,2.0,,0.02,1.98
2013-08-16,58,2.0,,0.02,1.16
2013-08-17,99,2.0,,0.02,1.98
2013-08-18,83,2.0,,0.02,1.6600000000000001
2013-08-19,74,2.0,,0.02,1.48
2013-08-20,69,2.0,,0.02,1.3800000000000001
2013-08-21,81,2.0,,0.02,1.62
2013-08-22,92,2.0,,0.02,1.84
2013-08-23,67,2.0,,0.02,1.34
2013-08-24,65,2.0,,0.02,1.3
2013-08-25,62,2.0,,0.02,1.24
2013-08-26,51,2.0,,0.02,1.02
2013-08-27,60,2.0,,0.02,1.2
2013-08-28,90,2.0,,0.02,1.8
2013-08-29,67,2.0,,0.02,1.34
2013-08-30,54,2.0,,0.02,1.08
2013-08-31,59,2.0,,0.02,1.18
2013-09-01,59,1.0,False,0.01,0.59
2013-09-02,49,1.0,,0.01,0.49
2013-09-03,88,1.0,,0.01,0.88
2013-09-04,57,1.0,,0.01,0.5700000000000001
2013-09-05,48,1.0,,0.01,0.48
2013-09-06,100,1.0,,0.01,1.0
2013-09-07,61,1.0,,0.01,0.61
2013-09-08,75,1.0,,0.01,0.75
2013-09-09,86,1.0,,0.01,0.86
2013-09-10,71,1.0,,0.01,0.71
2013-09-11,68,1.0,,0.01,0.68
2013-09-12,75,1.0,,0.01,0.75
2013-09-13,66,1.0,,0.01,0.66
2013-09-14,50,1.0,,0.01,0.5
2013-09-15,65,1.0,,0.01,0.65
2013-09-16,45,1.0,,0.01,0.45
2013-09-17,56,1.0,,0.01,0.56
2013-09-18,67,1.0,,0.01,0.67
2013-09-19,37,1.0,,0.01,0.37
2013-09-20,72,1.0,,0.01,0.72
2013-09-21,62,1.0,,0.01,0.62
2013-09-22,79,1.0,,0.01,0.79
2013-09-23,78,1.0,,0.01,0.78
2013-09-24,50,1.0,,0.01,0.5
2013-09-25,75,1.0,,0.01,0.75
2013-09-26,66,1.0,,0.01,0.66
2013-09-27,68,1.0,,0.01,0.68
2013-09-28,42,1.0,,0.01,0.42
2013-09-29,57,1.0,,0.01,0.5700000000000001
2013-09-30,53,1.0,,0.01,0.53
2013-10-01,13,3.0,False,0.03,0.39
2013-10-02,62,3.0,,0.03,1.8599999999999999
2013-10-03,84,3.0,,0.03,2.52
2013-10-04,54,3.0,,0.03,1.6199999999999999
2013-10-05,43,3.0,,0.03,1.29
2013-10-06,30,3.0,,0.03,0.8999999999999999
2013-10-07,36,3.0,,0.03,1.08
2013-10-08,37,3.0,,0.03,1.1099999999999999
2013-10-09,31,3.0,,0.03,0.9299999999999999
2013-10-10,25,3.0,,0.03,0.75
2013-10-11,18,3.0,,0.03,0.54
2013-10-12,17,3.0,,0.03,0.51
2013-10-13,19,3.0,,0.03,0.57
2013-10-14,18,3.0,,0.03,0.54
2013-10-15,21,3.0,,0.03,0.63
2013-10-16,24,3.0,,0.03,0.72
2013-10-17,26,3.0,,0.03,0.78
2013-10-18,24,3.0,,0.03,0.72
2013-10-19,23,3.0,,0.03,0.69
2013-10-20,19,3.0,,0.03,0.57
2013-10-21,26,3.0,,0.03,0.78
2013-10-22,31,3.0,,0.03,0.9299999999999999
2013-10-23,26,3.0,,0.03,0.78
2013-10-24,35,3.0,,0.03,1.05
2013-10-25,27,3.0,,0.03,0.8099999999999999
2013-10-26,39,3.0,,0.03,1.17
2013-10-27,30,3.0,,0.03,0.8999999999999999
2013-10-28,37,3.0,,0.03,1.1099999999999999
2013-10-29,87,3.0,,0.03,2.61
2013-10-30,100,3.0,,0.03,3.0
2013-10-31,65,3.0,,0.03,1.95
2013-11-01,17,10.0,False,0.1,1.7000000000000002
2013-11-02,15,10.0,,0.1,1.5
2013-11-03,12,10.0,,0.1,1.2000000000000002
2013-11-04,14,10.0,,0.1,1.4000000000000001
2013-11-05,19,10.0,,0.1,1.9000000000000001
2013-11-06,19,10.0,,0.1,1.9000000000000001
2013-11-07,26,10.0,,0.1,2.6
2013-11-08,27,10.0,,0.1,2.7
2013-11-09,24,10.0,,0.1,2.4000000000000004
2013-11-10,24,10.0,,0.1,2.4000000000000004
2013-11-11,24,10.0,,0.1,2.4000000000000004
2013-11-12,21,10.0,,0.1,2.1
2013-11-13,26,10.0,,0.1,2.6
2013-11-14,30,10.0,,0.1,3.0
2013-11-15,29,10.0,,0.1,2.9000000000000004
2013-11-16,24,10.0,,0.1,2.4000000000000004
2013-11-17,25,10.0,,0.1,2.5
2013-11-18,69,10.0,,0.1,6.9
2013-11-19,100,10.0,,0.1,10.0
2013-11-20,65,10.0,,0.1,6.5
2013-11-21,54,10.0,,0.1,5.4
2013-11-22,60,10.0,,0.1,6.0
2013-11-23,41,10.0,,0.1,4.1000000000000005
2013-11-24,39,10.0,,0.1,3.9000000000000004
2013-11-25,32,10.0,,0.1,3.2
2013-11-26,43,10.0,,0.1,4.3
2013-11-27,83,10.0,,0.1,8.3
2013-11-28,83,10.0,,0.1,8.3
2013-11-29,74,10.0,,0.1,7.4
2013-11-30,73,10.0,,0.1,7.300000000000001
2013-12-01,52,12.0,False,0.12,6.24
2013-12-02,68,12.0,,0.12,8.16
2013-12-03,65,12.0,,0.12,7.8
2013-12-04,55,12.0,,0.12,6.6
2013-12-05,90,12.0,,0.12,10.799999999999999
2013-12-06,86,12.0,,0.12,10.32
2013-12-07,92,12.0,,0.12,11.04
2013-12-08,64,12.0,,0.12,7.68
2013-12-09,59,12.0,,0.12,7.08
2013-12-10,61,12.0,,0.12,7.319999999999999
2013-12-11,63,12.0,,0.12,7.56
2013-12-12,51,12.0,,0.12,6.12
2013-12-13,48,12.0,,0.12,5.76
2013-12-14,42,12.0,,0.12,5.04
2013-12-15,45,12.0,,0.12,5.3999999999999995
2013-12-16,42,12.0,,0.12,5.04
2013-12-17,48,12.0,,0.12,5.76
2013-12-18,100,12.0,,0.12,12.0
2013-12-19,70,12.0,,0.12,8.4
2013-12-20,50,12.0,,0.12,6.0
2013-12-21,51,12.0,,0.12,6.12
2013-12-22,46,12.0,,0.12,5.52
2013-12-23,42,12.0,,0.12,5.04
2013-12-24,39,12.0,,0.12,4.68
2013-12-25,35,12.0,,0.12,4.2
2013-12-26,40,12.0,,0.12,4.8
2013-12-27,33,12.0,,0.12,3.96
2013-12-28,37,12.0,,0.12,4.4399999999999995
2013-12-29,30,12.0,,0.12,3.5999999999999996
2013-12-30,29,12.0,,0.12,3.48
2013-12-31,28,12.0,,0.12,3.36
2014-01-01,44,8.0,False,0.08,3.52
2014-01-02,50,8.0,,0.08,4.0
2014-01-03,50,8.0,,0.08,4.0
2014-01-04,48,8.0,,0.08,3.84
2014-01-05,54,8.0,,0.08,4.32
2014-01-06,70,8.0,,0.08,5.6000000000000005
2014-01-07,67,8.0,,0.08,5.36
2014-01-08,64,8.0,,0.08,5.12
2014-01-09,57,8.0,,0.08,4.5600000000000005
2014-01-10,65,8.0,,0.08,5.2
2014-01-11,57,8.0,,0.08,4.5600000000000005
2014-01-12,52,8.0,,0.08,4.16
2014-01-13,54,8.0,,0.08,4.32
2014-01-14,53,8.0,,0.08,4.24
2014-01-15,62,8.0,,0.08,4.96
2014-01-16,80,8.0,,0.08,6.4
2014-01-17,80,8.0,,0.08,6.4
2014-01-18,67,8.0,,0.08,5.36
2014-01-19,55,8.0,,0.08,4.4
2014-01-20,61,8.0,,0.08,4.88
2014-01-21,71,8.0,,0.08,5.68
2014-01-22,83,8.0,,0.08,6.640000000000001
2014-01-23,64,8.0,,0.08,5.12
2014-01-24,73,8.0,,0.08,5.84
2014-01-25,57,8.0,,0.08,4.5600000000000005
2014-01-26,51,8.0,,0.08,4.08
2014-01-27,80,8.0,,0.08,6.4
2014-01-28,100,8.0,,0.08,8.0
2014-01-29,76,8.0,,0.08,6.08
2014-01-30,55,8.0,,0.08,4.4
2014-01-31,56,8.0,,0.08,4.48
2014-02-01,22,9.0,False,0.09,1.98
2014-02-02,23,9.0,,0.09,2.07
2014-02-03,21,9.0,,0.09,1.89
2014-02-04,24,9.0,,0.09,2.16
2014-02-05,22,9.0,,0.09,1.98
2014-02-06,22,9.0,,0.09,1.98
2014-02-07,42,9.0,,0.09,3.78
2014-02-08,28,9.0,,0.09,2.52
2014-02-09,22,9.0,,0.09,1.98
2014-02-10,46,9.0,,0.09,4.14
2014-02-11,42,9.0,,0.09,3.78
2014-02-12,30,9.0,,0.09,2.6999999999999997
2014-02-13,29,9.0,,0.09,2.61
2014-02-14,37,9.0,,0.09,3.33
2014-02-15,24,9.0,,0.09,2.16
2014-02-16,28,9.0,,0.09,2.52
2014-02-17,23,9.0,,0.09,2.07
2014-02-18,32,9.0,,0.09,2.88
2014-02-19,31,9.0,,0.09,2.79
2014-02-20,34,9.0,,0.09,3.06
2014-02-21,30,9.0,,0.09,2.6999999999999997
2014-02-22,22,9.0,,0.09,1.98
2014-02-23,19,9.0,,0.09,1.71
2014-02-24,25,9.0,,0.09,2.25
2014-02-25,100,9.0,,0.09,9.0
2014-02-26,71,9.0,,0.09,6.39
2014-02-27,48,9.0,,0.09,4.32
2014-02-28,66,9.0,,0.09,5.9399999999999995
2014-03-01,56,7.0,False,0.07,3.9200000000000004
2014-03-02,41,7.0,,0.07,2.87
2014-03-03,36,7.0,,0.07,2.5200000000000005
2014-03-04,32,7.0,,0.07,2.24
2014-03-05,52,7.0,,0.07,3.6400000000000006
2014-03-06,77,7.0,,0.07,5.390000000000001
2014-03-07,100,7.0,,0.07,7.000000000000001
2014-03-08,40,7.0,,0.07,2.8000000000000003
2014-03-09,32,7.0,,0.07,2.24
2014-03-10,29,7.0,,0.07,2.0300000000000002
2014-03-11,26,7.0,,0.07,1.8200000000000003
2014-03-12,24,7.0,,0.07,1.6800000000000002
2014-03-13,24,7.0,,0.07,1.6800000000000002
2014-03-14,23,7.0,,0.07,1.61
2014-03-15,16,7.0,,0.07,1.12
2014-03-16,18,7.0,,0.07,1.2600000000000002
2014-03-17,19,7.0,,0.07,1.33
2014-03-18,23,7.0,,0.07,1.61
2014-03-19,22,7.0,,0.07,1.54
2014-03-20,25,7.0,,0.07,1.7500000000000002
2014-03-21,29,7.0,,0.07,2.0300000000000002
2014-03-22,20,7.0,,0.07,1.4000000000000001
2014-03-23,17,7.0,,0.07,1.1900000000000002
2014-03-24,21,7.0,,0.07,1.4700000000000002
2014-03-25,25,7.0,,0.07,1.7500000000000002
2014-03-26,29,7.0,,0.07,2.0300000000000002
2014-03-27,24,7.0,,0.07,1.6800000000000002
2014-03-28,25,7.0,,0.07,1.7500000000000002
2014-03-29,13,7.0,,0.07,0.9100000000000001
2014-03-30,17,7.0,,0.07,1.1900000000000002
2014-03-31,22,7.0,,0.07,1.54
2014-04-01,94,4.0,False,0.04,3.7600000000000002
2014-04-02,94,4.0,,0.04,3.7600000000000002
2014-04-03,96,4.0,,0.04,3.84
2014-04-04,85,4.0,,0.04,3.4
2014-04-05,60,4.0,,0.04,2.4
2014-04-06,62,4.0,,0.04,2.48
2014-04-07,77,4.0,,0.04,3.08
2014-04-08,83,4.0,,0.04,3.3200000000000003
2014-04-09,91,4.0,,0.04,3.64
2014-04-10,100,4.0,,0.04,4.0
2014-04-11,100,4.0,,0.04,4.0
2014-04-12,64,4.0,,0.04,2.56
2014-04-13,72,4.0,,0.04,2.88
2014-04-14,51,4.0,,0.04,2.04
2014-04-15,84,4.0,,0.04,3.36
2014-04-16,83,4.0,,0.04,3.3200000000000003
2014-04-17,89,4.0,,0.04,3.56
2014-04-18,70,4.0,,0.04,2.8000000000000003
2014-04-19,71,4.0,,0.04,2.84
2014-04-20,47,4.0,,0.04,1.8800000000000001
2014-04-21,56,4.0,,0.04,2.24
2014-04-22,39,4.0,,0.04,1.56
2014-04-23,66,4.0,,0.04,2.64
2014-04-24,55,4.0,,0.04,2.2
2014-04-25,75,4.0,,0.04,3.0
2014-04-26,59,4.0,,0.04,2.36
2014-04-27,60,4.0,,0.04,2.4
2014-04-28,55,4.0,,0.04,2.2
2014-04-29,67,4.0,,0.04,2.68
2014-04-30,69,4.0,,0.04,2.7600000000000002
2014-05-01,82,3.0,False,0.03,2.46
2014-05-02,76,3.0,,0.03,2.28
2014-05-03,53,3.0,,0.03,1.5899999999999999
2014-05-04,55,3.0,,0.03,1.65
2014-05-05,79,3.0,,0.03,2.37
2014-05-06,78,3.0,,0.03,2.34
2014-05-07,83,3.0,,0.03,2.4899999999999998
2014-05-08,84,3.0,,0.03,2.52
2014-05-09,92,3.0,,0.03,2.76
2014-05-10,61,3.0,,0.03,1.8299999999999998
2014-05-11,73,3.0,,0.03,2.19
2014-05-12,73,3.0,,0.03,2.19
2014-05-13,69,3.0,,0.03,2.07
2014-05-14,69,3.0,,0.03,2.07
2014-05-15,90,3.0,,0.03,2.6999999999999997
2014-05-16,64,3.0,,0.03,1.92
2014-05-17,62,3.0,,0.03,1.8599999999999999
2014-05-18,69,3.0,,0.03,2.07
2014-05-19,72,3.0,,0.03,2.16
2014-05-20,79,3.0,,0.03,2.37
2014-05-21,75,3.0,,0.03,2.25
2014-05-22,69,3.0,,0.03,2.07
2014-05-23,77,3.0,,0.03,2.31
2014-05-24,59,3.0,,0.03,1.77
2014-05-25,98,3.0,,0.03,2.94
2014-05-26,73,3.0,,0.03,2.19
2014-05-27,67,3.0,,0.03,2.01
2014-05-28,88,3.0,,0.03,2.6399999999999997
2014-05-29,100,3.0,,0.03,3.0
2014-05-30,91,3.0,,0.03,2.73
2014-05-31,79,3.0,,0.03,2.37
2014-06-01,54,3.0,False,0.03,1.6199999999999999
2014-06-02,62,3.0,,0.03,1.8599999999999999
2014-06-03,73,3.0,,0.03,2.19
2014-06-04,82,3.0,,0.03,2.46
2014-06-05,62,3.0,,0.03,1.8599999999999999
2014-06-06,68,3.0,,0.03,2.04
2014-06-07,63,3.0,,0.03,1.89
2014-06-08,51,3.0,,0.03,1.53
2014-06-09,65,3.0,,0.03,1.95
2014-06-10,60,3.0,,0.03,1.7999999999999998
2014-06-11,68,3.0,,0.03,2.04
2014-06-12,78,3.0,,0.03,2.34
2014-06-13,100,3.0,,0.03,3.0
2014-06-14,64,3.0,,0.03,1.92
2014-06-15,68,3.0,,0.03,2.04
2014-06-16,73,3.0,,0.03,2.19
2014-06-17,63,3.0,,0.03,1.89
2014-06-18,67,3.0,,0.03,2.01
2014-06-19,52,3.0,,0.03,1.56
2014-06-20,65,3.0,,0.03,1.95
2014-06-21,52,3.0,,0.03,1.56
2014-06-22,54,3.0,,0.03,1.6199999999999999
2014-06-23,47,3.0,,0.03,1.41
2014-06-24,44,3.0,,0.03,1.3199999999999998
2014-06-25,49,3.0,,0.03,1.47
2014-06-26,47,3.0,,0.03,1.41
2014-06-27,77,3.0,,0.03,2.31
2014-06-28,55,3.0,,0.03,1.65
2014-06-29,49,3.0,,0.03,1.47
2014-06-30,60,3.0,,0.03,1.7999999999999998
2014-07-01,91,3.0,False,0.03,2.73
2014-07-02,83,3.0,,0.03,2.4899999999999998
2014-07-03,69,3.0,,0.03,2.07
2014-07-04,82,3.0,,0.03,2.46
2014-07-05,63,3.0,,0.03,1.89
2014-07-06,75,3.0,,0.03,2.25
2014-07-07,77,3.0,,0.03,2.31
2014-07-08,56,3.0,,0.03,1.68
2014-07-09,67,3.0,,0.03,2.01
2014-07-10,68,3.0,,0.03,2.04
2014-07-11,89,3.0,,0.03,2.67
2014-07-12,58,3.0,,0.03,1.74
2014-07-13,72,3.0,,0.03,2.16
2014-07-14,64,3.0,,0.03,1.92
2014-07-15,64,3.0,,0.03,1.92
2014-07-16,89,3.0,,0.03,2.67
2014-07-17,69,3.0,,0.03,2.07
2014-07-18,72,3.0,,0.03,2.16
2014-07-19,73,3.0,,0.03,2.19
2014-07-20,59,3.0,,0.03,1.77
2014-07-21,81,3.0,,0.03,2.4299999999999997
2014-07-22,74,3.0,,0.03,2.2199999999999998
2014-07-23,72,3.0,,0.03,2.16
2014-07-24,73,3.0,,0.03,2.19
2014-07-25,68,3.0,,0.03,2.04
2014-07-26,75,3.0,,0.03,2.25
2014-07-27,53,3.0,,0.03,1.5899999999999999
2014-07-28,73,3.0,,0.03,2.19
2014-07-29,70,3.0,,0.03,2.1
2014-07-30,97,3.0,,0.03,2.9099999999999997
2014-07-31,100,3.0,,0.03,3.0
2014-08-01,75,3.0,False,0.03,2.25
2014-08-02,47,3.0,,0.03,1.41
2014-08-03,57,3.0,,0.03,1.71
2014-08-04,78,3.0,,0.03,2.34
2014-08-05,63,3.0,,0.03,1.89
2014-08-06,88,3.0,,0.03,2.6399999999999997
2014-08-07,51,3.0,,0.03,1.53
2014-08-08,70,3.0,,0.03,2.1
2014-08-09,69,3.0,,0.03,2.07
2014-08-10,62,3.0,,0.03,1.8599999999999999
2014-08-11,68,3.0,,0.03,2.04
2014-08-12,68,3.0,,0.03,2.04
2014-08-13,100,3.0,,0.03,3.0
2014-08-14,99,3.0,,0.03,2.9699999999999998
2014-08-15,75,3.0,,0.03,2.25
2014-08-16,85,3.0,,0.03,2.55
2014-08-17,76,3.0,,0.03,2.28
2014-08-18,91,3.0,,0.03,2.73
2014-08-19,91,3.0,,0.03,2.73
2014-08-20,95,3.0,,0.03,2.85
2014-08-21,65,3.0,,0.03,1.95
2014-08-22,57,3.0,,0.03,1.71
2014-08-23,65,3.0,,0.03,1.95
2014-08-24,64,3.0,,0.03,1.92
2014-08-25,55,3.0,,0.03,1.65
2014-08-26,87,3.0,,0.03,2.61
2014-08-27,70,3.0,,0.03,2.1
2014-08-28,63,3.0,,0.03,1.89
2014-08-29,55,3.0,,0.03,1.65
2014-08-30,81,3.0,,0.03,2.4299999999999997
2014-08-31,88,3.0,,0.03,2.6399999999999997
2014-09-01,76,3.0,False,0.03,2.28
2014-09-02,85,3.0,,0.03,2.55
2014-09-03,49,3.0,,0.03,1.47
2014-09-04,54,3.0,,0.03,1.6199999999999999
2014-09-05,58,3.0,,0.03,1.74
2014-09-06,66,3.0,,0.03,1.98
2014-09-07,52,3.0,,0.03,1.56
2014-09-08,59,3.0,,0.03,1.77
2014-09-09,70,3.0,,0.03,2.1
2014-09-10,71,3.0,,0.03,2.13
2014-09-11,87,3.0,,0.03,2.61
2014-09-12,80,3.0,,0.03,2.4
2014-09-13,63,3.0,,0.03,1.89
2014-09-14,46,3.0,,0.03,1.38
2014-09-15,66,3.0,,0.03,1.98
2014-09-16,71,3.0,,0.03,2.13
2014-09-17,59,3.0,,0.03,1.77
2014-09-18,83,3.0,,0.03,2.4899999999999998
2014-09-19,100,3.0,,0.03,3.0
2014-09-20,67,3.0,,0.03,2.01
2014-09-21,61,3.0,,0.03,1.8299999999999998
2014-09-22,68,3.0,,0.03,2.04
2014-09-23,74,3.0,,0.03,2.2199999999999998
2014-09-24,88,3.0,,0.03,2.6399999999999997
2014-09-25,72,3.0,,0.03,2.16
2014-09-26,65,3.0,,0.03,1.95
2014-09-27,62,3.0,,0.03,1.8599999999999999
2014-09-28,82,3.0,,0.03,2.46
2014-09-29,85,3.0,,0.03,2.55
2014-09-30,71,3.0,,0.03,2.13
2014-10-01,62,3.0,False,0.03,1.8599999999999999
2014-10-02,70,3.0,,0.03,2.1
2014-10-03,65,3.0,,0.03,1.95
2014-10-04,75,3.0,,0.03,2.25
2014-10-05,96,3.0,,0.03,2.88
2014-10-06,97,3.0,,0.03,2.9099999999999997
2014-10-07,79,3.0,,0.03,2.37
2014-10-08,100,3.0,,0.03,3.0
2014-10-09,60,3.0,,0.03,1.7999999999999998
2014-10-10,69,3.0,,0.03,2.07
2014-10-11,64,3.0,,0.03,1.92
2014-10-12,51,3.0,,0.03,1.53
2014-10-13,69,3.0,,0.03,2.07
2014-10-14,70,3.0,,0.03,2.1
2014-10-15,67,3.0,,0.03,2.01
2014-10-16,54,3.0,,0.03,1.6199999999999999
2014-10-17,58,3.0,,0.03,1.74
2014-10-18,68,3.0,,0.03,2.04
2014-10-19,57,3.0,,0.03,1.71
2014-10-20,65,3.0,,0.03,1.95
2014-10-21,61,3.0,,0.03,1.8299999999999998
2014-10-22,51,3.0,,0.03,1.53
2014-10-23,62,3.0,,0.03,1.8599999999999999
2014-10-24,65,3.0,,0.03,1.95
2014-10-25,63,3.0,,0.03,1.89
2014-10-26,42,3.0,,0.03,1.26
2014-10-27,51,3.0,,0.03,1.53
2014-10-28,37,3.0,,0.03,1.1099999999999999
2014-10-29,61,3.0,,0.03,1.8299999999999998
2014-10-30,59,3.0,,0.03,1.77
2014-10-31,47,3.0,,0.03,1.41
2014-11-01,57,2.0,False,0.02,1.1400000000000001
2014-11-02,57,2.0,,0.02,1.1400000000000001
2014-11-03,57,2.0,,0.02,1.1400000000000001
2014-11-04,61,2.0,,0.02,1.22
2014-11-05,64,2.0,,0.02,1.28
2014-11-06,71,2.0,,0.02,1.42
2014-11-07,100,2.0,,0.02,2.0
2014-11-08,75,2.0,,0.02,1.5
2014-11-09,58,2.0,,0.02,1.16
2014-11-10,77,2.0,,0.02,1.54
2014-11-11,81,2.0,,0.02,1.62
2014-11-12,79,2.0,,0.02,1.58
2014-11-13,92,2.0,,0.02,1.84
2014-11-14,92,2.0,,0.02,1.84
2014-11-15,88,2.0,,0.02,1.76
2014-11-16,86,2.0,,0.02,1.72
2014-11-17,75,2.0,,0.02,1.5
2014-11-18,69,2.0,,0.02,1.3800000000000001
2014-11-19,82,2.0,,0.02,1.6400000000000001
2014-11-20,76,2.0,,0.02,1.52
2014-11-21,58,2.0,,0.02,1.16
2014-11-22,64,2.0,,0.02,1.28
2014-11-23,64,2.0,,0.02,1.28
2014-11-24,58,2.0,,0.02,1.16
2014-11-25,50,2.0,,0.02,1.0
2014-11-26,53,2.0,,0.02,1.06
2014-11-27,41,2.0,,0.02,0.8200000000000001
2014-11-28,51,2.0,,0.02,1.02
2014-11-29,48,2.0,,0.02,0.96
2014-11-30,56,2.0,,0.02,1.12
2014-12-01,16,3.0,False,0.03,0.48
2014-12-02,21,3.0,,0.03,0.63
2014-12-03,21,3.0,,0.03,0.63
2014-12-04,21,3.0,,0.03,0.63
2014-12-05,18,3.0,,0.03,0.54
2014-12-06,19,3.0,,0.03,0.57
2014-12-07,19,3.0,,0.03,0.57
2014-12-08,23,3.0,,0.03,0.69
2014-12-09,17,3.0,,0.03,0.51
2014-12-10,25,3.0,,0.03,0.75
2014-12-11,27,3.0,,0.03,0.8099999999999999
2014-12-12,24,3.0,,0.03,0.72
2014-12-13,20,3.0,,0.03,0.6
2014-12-14,13,3.0,,0.03,0.39
2014-12-15,18,3.0,,0.03,0.54
2014-12-16,26,3.0,,0.03,0.78
2014-12-17,24,3.0,,0.03,0.72
2014-12-18,28,3.0,,0.03,0.84
2014-12-19,23,3.0,,0.03,0.69
2014-12-20,19,3.0,,0.03,0.57
2014-12-21,18,3.0,,0.03,0.54
2014-12-22,18,3.0,,0.03,0.54
2014-12-23,21,3.0,,0.03,0.63
2014-12-24,19,3.0,,0.03,0.57
2014-12-25,22,3.0,,0.03,0.6599999999999999
2014-12-26,29,3.0,,0.03,0.87
2014-12-27,100,3.0,,0.03,3.0
2014-12-28,22,3.0,,0.03,0.6599999999999999
2014-12-29,15,3.0,,0.03,0.44999999999999996
2014-12-30,17,3.0,,0.03,0.51
2014-12-31,18,3.0,,0.03,0.54
2015-01-01,47,3.0,False,0.03,1.41
2015-01-02,53,3.0,,0.03,1.5899999999999999
2015-01-03,51,3.0,,0.03,1.53
2015-01-04,69,3.0,,0.03,2.07
2015-01-05,66,3.0,,0.03,1.98
2015-01-06,79,3.0,,0.03,2.37
2015-01-07,66,3.0,,0.03,1.98
2015-01-08,63,3.0,,0.03,1.89
2015-01-09,62,3.0,,0.03,1.8599999999999999
2015-01-10,34,3.0,,0.03,1.02
2015-01-11,45,3.0,,0.03,1.3499999999999999
2015-01-12,48,3.0,,0.03,1.44
2015-01-13,63,3.0,,0.03,1.89
2015-01-14,100,3.0,,0.03,3.0
2015-01-15,89,3.0,,0.03,2.67
2015-01-16,76,3.0,,0.03,2.28
2015-01-17,63,3.0,,0.03,1.89
2015-01-18,46,3.0,,0.03,1.38
2015-01-19,50,3.0,,0.03,1.5
2015-01-20,51,3.0,,0.03,1.53
2015-01-21,47,3.0,,0.03,1.41
2015-01-22,52,3.0,,0.03,1.56
2015-01-23,58,3.0,,0.03,1.74
2015-01-24,47,3.0,,0.03,1.41
2015-01-25,62,3.0,,0.03,1.8599999999999999
2015-01-26,90,3.0,,0.03,2.6999999999999997
2015-01-27,89,3.0,,0.03,2.67
2015-01-28,62,3.0,,0.03,1.8599999999999999
2015-01-29,48,3.0,,0.03,1.44
2015-01-30,44,3.0,,0.03,1.3199999999999998
2015-01-31,50,3.0,,0.03,1.5
2015-02-01,47,3.0,False,0.03,1.41
2015-02-02,35,3.0,,0.03,1.05
2015-02-03,48,3.0,,0.03,1.44
2015-02-04,39,3.0,,0.03,1.17
2015-02-05,43,3.0,,0.03,1.29
2015-02-06,51,3.0,,0.03,1.53
2015-02-07,57,3.0,,0.03,1.71
2015-02-08,48,3.0,,0.03,1.44
2015-02-09,43,3.0,,0.03,1.29
2015-02-10,42,3.0,,0.03,1.26
2015-02-11,43,3.0,,0.03,1.29
2015-02-12,46,3.0,,0.03,1.38
2015-02-13,40,3.0,,0.03,1.2
2015-02-14,40,3.0,,0.03,1.2
2015-02-15,43,3.0,,0.03,1.29
2015-02-16,34,3.0,,0.03,1.02
2015-02-17,38,3.0,,0.03,1.14
2015-02-18,41,3.0,,0.03,1.23
2015-02-19,44,3.0,,0.03,1.3199999999999998
2015-02-20,100,3.0,,0.03,3.0
2015-02-21,51,3.0,,0.03,1.53
2015-02-22,38,3.0,,0.03,1.14
2015-02-23,38,3.0,,0.03,1.14
2015-02-24,30,3.0,,0.03,0.8999999999999999
2015-02-25,39,3.0,,0.03,1.17
2015-02-26,38,3.0,,0.03,1.14
2015-02-27,39,3.0,,0.03,1.17
2015-02-28,43,3.0,,0.03,1.29
2015-03-01,74,2.0,False,0.02,1.48
2015-03-02,64,2.0,,0.02,1.28
2015-03-03,71,2.0,,0.02,1.42
2015-03-04,64,2.0,,0.02,1.28
2015-03-05,65,2.0,,0.02,1.3
2015-03-06,100,2.0,,0.02,2.0
2015-03-07,97,2.0,,0.02,1.94
2015-03-08,67,2.0,,0.02,1.34
2015-03-09,76,2.0,,0.02,1.52
2015-03-10,77,2.0,,0.02,1.54
2015-03-11,57,2.0,,0.02,1.1400000000000001
2015-03-12,74,2.0,,0.02,1.48
2015-03-13,76,2.0,,0.02,1.52
2015-03-14,61,2.0,,0.02,1.22
2015-03-15,53,2.0,,0.02,1.06
2015-03-16,54,2.0,,0.02,1.08
2015-03-17,54,2.0,,0.02,1.08
2015-03-18,65,2.0,,0.02,1.3
2015-03-19,58,2.0,,0.02,1.16
2015-03-20,64,2.0,,0.02,1.28
2015-03-21,70,2.0,,0.02,1.4000000000000001
2015-03-22,64,2.0,,0.02,1.28
2015-03-23,69,2.0,,0.02,1.3800000000000001
2015-03-24,76,2.0,,0.02,1.52
2015-03-25,86,2.0,,0.02,1.72
2015-03-26,64,2.0,,0.02,1.28
2015-03-27,65,2.0,,0.02,1.3
2015-03-28,55,2.0,,0.02,1.1
2015-03-29,59,2.0,,0.02,1.18
2015-03-30,63,2.0,,0.02,1.26
2015-03-31,91,2.0,,0.02,1.82
2015-04-01,75,2.0,False,0.02,1.5
2015-04-02,81,2.0,,0.02,1.62
2015-04-03,100,2.0,,0.02,2.0
2015-04-04,79,2.0,,0.02,1.58
2015-04-05,66,2.0,,0.02,1.32
2015-04-06,92,2.0,,0.02,1.84
2015-04-07,89,2.0,,0.02,1.78
2015-04-08,77,2.0,,0.02,1.54
2015-04-09,98,2.0,,0.02,1.96
2015-04-10,82,2.0,,0.02,1.6400000000000001
2015-04-11,63,2.0,,0.02,1.26
2015-04-12,59,2.0,,0.02,1.18
2015-04-13,72,2.0,,0.02,1.44
2015-04-14,79,2.0,,0.02,1.58
2015-04-15,80,2.0,,0.02,1.6
2015-04-16,70,2.0,,0.02,1.4000000000000001
2015-04-17,87,2.0,,0.02,1.74
2015-04-18,68,2.0,,0.02,1.36
2015-04-19,54,2.0,,0.02,1.08
2015-04-20,80,2.0,,0.02,1.6
2015-04-21,68,2.0,,0.02,1.36
2015-04-22,74,2.0,,0.02,1.48
2015-04-23,75,2.0,,0.02,1.5
2015-04-24,54,2.0,,0.02,1.08
2015-04-25,58,2.0,,0.02,1.16
2015-04-26,63,2.0,,0.02,1.26
2015-04-27,56,2.0,,0.02,1.12
2015-04-28,74,2.0,,0.02,1.48
2015-04-29,86,2.0,,0.02,1.72
2015-04-30,92,2.0,,0.02,1.84
2015-05-01,98,2.0,False,0.02,1.96
2015-05-02,74,2.0,,0.02,1.48
2015-05-03,54,2.0,,0.02,1.08
2015-05-04,71,2.0,,0.02,1.42
2015-05-05,74,2.0,,0.02,1.48
2015-05-06,55,2.0,,0.02,1.1
2015-05-07,84,2.0,,0.02,1.68
2015-05-08,74,2.0,,0.02,1.48
2015-05-09,40,2.0,,0.02,0.8
2015-05-10,75,2.0,,0.02,1.5
2015-05-11,69,2.0,,0.02,1.3800000000000001
2015-05-12,65,2.0,,0.02,1.3
2015-05-13,67,2.0,,0.02,1.34
2015-05-14,100,2.0,,0.02,2.0
2015-05-15,67,2.0,,0.02,1.34
2015-05-16,74,2.0,,0.02,1.48
2015-05-17,89,2.0,,0.02,1.78
2015-05-18,61,2.0,,0.02,1.22
2015-05-19,72,2.0,,0.02,1.44
2015-05-20,67,2.0,,0.02,1.34
2015-05-21,67,2.0,,0.02,1.34
2015-05-22,66,2.0,,0.02,1.32
2015-05-23,81,2.0,,0.02,1.62
2015-05-24,51,2.0,,0.02,1.02
2015-05-25,62,2.0,,0.02,1.24
2015-05-26,54,2.0,,0.02,1.08
2015-05-27,59,2.0,,0.02,1.18
2015-05-28,55,2.0,,0.02,1.1
2015-05-29,76,2.0,,0.02,1.52
2015-05-30,76,2.0,,0.02,1.52
2015-05-31,78,2.0,,0.02,1.56
2015-06-01,25,2.0,False,0.02,0.5
2015-06-02,35,2.0,,0.02,0.7000000000000001
2015-06-03,32,2.0,,0.02,0.64
2015-06-04,23,2.0,,0.02,0.46
2015-06-05,32,2.0,,0.02,0.64
2015-06-06,27,2.0,,0.02,0.54
2015-06-07,25,2.0,,0.02,0.5
2015-06-08,24,2.0,,0.02,0.48
2015-06-09,29,2.0,,0.02,0.58
2015-06-10,29,2.0,,0.02,0.58
2015-06-11,28,2.0,,0.02,0.56
2015-06-12,20,2.0,,0.02,0.4
2015-06-13,25,2.0,,0.02,0.5
2015-06-14,22,2.0,,0.02,0.44
2015-06-15,27,2.0,,0.02,0.54
2015-06-16,39,2.0,,0.02,0.78
2015-06-17,27,2.0,,0.02,0.54
2015-06-18,100,2.0,,0.02,2.0
2015-06-19,38,2.0,,0.02,0.76
2015-06-20,41,2.0,,0.02,0.8200000000000001
2015-06-21,30,2.0,,0.02,0.6
2015-06-22,21,2.0,,0.02,0.42
2015-06-23,29,2.0,,0.02,0.58
2015-06-24,23,2.0,,0.02,0.46
2015-06-25,40,2.0,,0.02,0.8
2015-06-26,24,2.0,,0.02,0.48
2015-06-27,34,2.0,,0.02,0.68
2015-06-28,29,2.0,,0.02,0.58
2015-06-29,39,2.0,,0.02,0.78
2015-06-30,47,2.0,,0.02,0.9400000000000001
2015-07-01,100,3.0,False,0.03,3.0
2015-07-02,73,3.0,,0.03,2.19
2015-07-03,60,3.0,,0.03,1.7999999999999998
2015-07-04,61,3.0,,0.03,1.8299999999999998
2015-07-05,74,3.0,,0.03,2.2199999999999998
2015-07-06,79,3.0,,0.03,2.37
2015-07-07,71,3.0,,0.03,2.13
2015-07-08,85,3.0,,0.03,2.55
2015-07-09,67,3.0,,0.03,2.01
2015-07-10,76,3.0,,0.03,2.28
2015-07-11,79,3.0,,0.03,2.37
2015-07-12,82,3.0,,0.03,2.46
2015-07-13,81,3.0,,0.03,2.4299999999999997
2015-07-14,65,3.0,,0.03,1.95
2015-07-15,81,3.0,,0.03,2.4299999999999997
2015-07-16,62,3.0,,0.03,1.8599999999999999
2015-07-17,50,3.0,,0.03,1.5
2015-07-18,53,3.0,,0.03,1.5899999999999999
2015-07-19,78,3.0,,0.03,2.34
2015-07-20,61,3.0,,0.03,1.8299999999999998
2015-07-21,69,3.0,,0.03,2.07
2015-07-22,64,3.0,,0.03,1.92
2015-07-23,53,3.0,,0.03,1.5899999999999999
2015-07-24,59,3.0,,0.03,1.77
2015-07-25,74,3.0,,0.03,2.2199999999999998
2015-07-26,59,3.0,,0.03,1.77
2015-07-27,49,3.0,,0.03,1.47
2015-07-28,85,3.0,,0.03,2.55
2015-07-29,56,3.0,,0.03,1.68
2015-07-30,53,3.0,,0.03,1.5899999999999999
2015-07-31,60,3.0,,0.03,1.7999999999999998
2015-08-01,94,2.0,False,0.02,1.8800000000000001
2015-08-02,52,2.0,,0.02,1.04
2015-08-03,64,2.0,,0.02,1.28
2015-08-04,65,2.0,,0.02,1.3
2015-08-05,59,2.0,,0.02,1.18
2015-08-06,55,2.0,,0.02,1.1
2015-08-07,50,2.0,,0.02,1.0
2015-08-08,53,2.0,,0.02,1.06
2015-08-09,68,2.0,,0.02,1.36
2015-08-10,48,2.0,,0.02,0.96
2015-08-11,58,2.0,,0.02,1.16
2015-08-12,55,2.0,,0.02,1.1
2015-08-13,56,2.0,,0.02,1.12
2015-08-14,62,2.0,,0.02,1.24
2015-08-15,45,2.0,,0.02,0.9
2015-08-16,62,2.0,,0.02,1.24
2015-08-17,51,2.0,,0.02,1.02
2015-08-18,77,2.0,,0.02,1.54
2015-08-19,100,2.0,,0.02,2.0
2015-08-20,67,2.0,,0.02,1.34
2015-08-21,61,2.0,,0.02,1.22
2015-08-22,68,2.0,,0.02,1.36
2015-08-23,75,2.0,,0.02,1.5
2015-08-24,82,2.0,,0.02,1.6400000000000001
2015-08-25,77,2.0,,0.02,1.54
2015-08-26,64,2.0,,0.02,1.28
2015-08-27,55,2.0,,0.02,1.1
2015-08-28,59,2.0,,0.02,1.18
2015-08-29,43,2.0,,0.02,0.86
2015-08-30,60,2.0,,0.02,1.2
2015-08-31,46,2.0,,0.02,0.92
2015-09-01,81,2.0,False,0.02,1.62
2015-09-02,66,2.0,,0.02,1.32
2015-09-03,87,2.0,,0.02,1.74
2015-09-04,67,2.0,,0.02,1.34
2015-09-05,100,2.0,,0.02,2.0
2015-09-06,68,2.0,,0.02,1.36
2015-09-07,63,2.0,,0.02,1.26
2015-09-08,85,2.0,,0.02,1.7
2015-09-09,49,2.0,,0.02,0.98
2015-09-10,56,2.0,,0.02,1.12
2015-09-11,80,2.0,,0.02,1.6
2015-09-12,91,2.0,,0.02,1.82
2015-09-13,74,2.0,,0.02,1.48
2015-09-14,76,2.0,,0.02,1.52
2015-09-15,65,2.0,,0.02,1.3
2015-09-16,75,2.0,,0.02,1.5
2015-09-17,64,2.0,,0.02,1.28
2015-09-18,86,2.0,,0.02,1.72
2015-09-19,82,2.0,,0.02,1.6400000000000001
2015-09-20,93,2.0,,0.02,1.86
2015-09-21,51,2.0,,0.02,1.02
2015-09-22,82,2.0,,0.02,1.6400000000000001
2015-09-23,75,2.0,,0.02,1.5
2015-09-24,69,2.0,,0.02,1.3800000000000001
2015-09-25,93,2.0,,0.02,1.86
2015-09-26,92,2.0,,0.02,1.84
2015-09-27,71,2.0,,0.02,1.42
2015-09-28,69,2.0,,0.02,1.3800000000000001
2015-09-29,76,2.0,,0.02,1.52
2015-09-30,79,2.0,,0.02,1.58
2015-10-01,63,2.0,False,0.02,1.26
2015-10-02,68,2.0,,0.02,1.36
2015-10-03,74,2.0,,0.02,1.48
2015-10-04,47,2.0,,0.02,0.9400000000000001
2015-10-05,67,2.0,,0.02,1.34
2015-10-06,53,2.0,,0.02,1.06
2015-10-07,73,2.0,,0.02,1.46
2015-10-08,70,2.0,,0.02,1.4000000000000001
2015-10-09,61,2.0,,0.02,1.22
2015-10-10,72,2.0,,0.02,1.44
2015-10-11,63,2.0,,0.02,1.26
2015-10-12,67,2.0,,0.02,1.34
2015-10-13,67,2.0,,0.02,1.34
2015-10-14,74,2.0,,0.02,1.48
2015-10-15,57,2.0,,0.02,1.1400000000000001
2015-10-16,80,2.0,,0.02,1.6
2015-10-17,85,2.0,,0.02,1.7
2015-10-18,70,2.0,,0.02,1.4000000000000001
2015-10-19,69,2.0,,0.02,1.3800000000000001
2015-10-20,59,2.0,,0.02,1.18
2015-10-21,64,2.0,,0.02,1.28
2015-10-22,80,2.0,,0.02,1.6
2015-10-23,67,2.0,,0.02,1.34
2015-10-24,76,2.0,,0.02,1.52
2015-10-25,66,2.0,,0.02,1.32
2015-10-26,59,2.0,,0.02,1.18
2015-10-27,90,2.0,,0.02,1.8
2015-10-28,96,2.0,,0.02,1.92
2015-10-29,83,2.0,,0.02,1.6600000000000001
2015-10-30,100,2.0,,0.02,2.0
2015-10-31,86,2.0,,0.02,1.72
2015-11-01,35,3.0,False,0.03,1.05
2015-11-02,52,3.0,,0.03,1.56
2015-11-03,59,3.0,,0.03,1.77
2015-11-04,100,3.0,,0.03,3.0
2015-11-05,80,3.0,,0.03,2.4
2015-11-06,67,3.0,,0.03,2.01
2015-11-07,45,3.0,,0.03,1.3499999999999999
2015-11-08,44,3.0,,0.03,1.3199999999999998
2015-11-09,47,3.0,,0.03,1.41
2015-11-10,44,3.0,,0.03,1.3199999999999998
2015-11-11,50,3.0,,0.03,1.5
2015-11-12,45,3.0,,0.03,1.3499999999999999
2015-11-13,41,3.0,,0.03,1.23
2015-11-14,40,3.0,,0.03,1.2
2015-11-15,31,3.0,,0.03,0.9299999999999999
2015-11-16,31,3.0,,0.03,0.9299999999999999
2015-11-17,31,3.0,,0.03,0.9299999999999999
2015-11-18,43,3.0,,0.03,1.29
2015-11-19,36,3.0,,0.03,1.08
2015-11-20,42,3.0,,0.03,1.26
2015-11-21,41,3.0,,0.03,1.23
2015-11-22,35,3.0,,0.03,1.05
2015-11-23,35,3.0,,0.03,1.05
2015-11-24,36,3.0,,0.03,1.08
2015-11-25,38,3.0,,0.03,1.14
2015-11-26,45,3.0,,0.03,1.3499999999999999
2015-11-27,46,3.0,,0.03,1.38
2015-11-28,25,3.0,,0.03,0.75
2015-11-29,39,3.0,,0.03,1.17
2015-11-30,39,3.0,,0.03,1.17
2015-12-01,29,3.0,False,0.03,0.87
2015-12-02,31,3.0,,0.03,0.9299999999999999
2015-12-03,30,3.0,,0.03,0.8999999999999999
2015-12-04,35,3.0,,0.03,1.05
2015-12-05,26,3.0,,0.03,0.78
2015-12-06,41,3.0,,0.03,1.23
2015-12-07,34,3.0,,0.03,1.02
2015-12-08,50,3.0,,0.03,1.5
2015-12-09,100,3.0,,0.03,3.0
2015-12-10,56,3.0,,0.03,1.68
2015-12-11,45,3.0,,0.03,1.3499999999999999
2015-12-12,48,3.0,,0.03,1.44
2015-12-13,31,3.0,,0.03,0.9299999999999999
2015-12-14,34,3.0,,0.03,1.02
2015-12-15,43,3.0,,0.03,1.29
2015-12-16,46,3.0,,0.03,1.38
2015-12-17,40,3.0,,0.03,1.2
2015-12-18,41,3.0,,0.03,1.23
2015-12-19,33,3.0,,0.03,0.99
2015-12-20,39,3.0,,0.03,1.17
2015-12-21,31,3.0,,0.03,0.9299999999999999
2015-12-22,30,3.0,,0.03,0.8999999999999999
2015-12-23,29,3.0,,0.03,0.87
2015-12-24,30,3.0,,0.03,0.8999999999999999
2015-12-25,33,3.0,,0.03,0.99
2015-12-26,31,3.0,,0.03,0.9299999999999999
2015-12-27,30,3.0,,0.03,0.8999999999999999
2015-12-28,33,3.0,,0.03,0.99
2015-12-29,40,3.0,,0.03,1.2
2015-12-30,40,3.0,,0.03,1.2
2015-12-31,30,3.0,,0.03,0.8999999999999999
2016-01-01,28,3.0,False,0.03,0.84
2016-01-02,36,3.0,,0.03,1.08
2016-01-03,47,3.0,,0.03,1.41
2016-01-04,65,3.0,,0.03,1.95
2016-01-05,56,3.0,,0.03,1.68
2016-01-06,54,3.0,,0.03,1.6199999999999999
2016-01-07,69,3.0,,0.03,2.07
2016-01-08,61,3.0,,0.03,1.8299999999999998
2016-01-09,65,3.0,,0.03,1.95
2016-01-10,55,3.0,,0.03,1.65
2016-01-11,53,3.0,,0.03,1.5899999999999999
2016-01-12,62,3.0,,0.03,1.8599999999999999
2016-01-13,63,3.0,,0.03,1.89
2016-01-14,46,3.0,,0.03,1.38
2016-01-15,98,3.0,,0.03,2.94
2016-01-16,100,3.0,,0.03,3.0
2016-01-17,64,3.0,,0.03,1.92
2016-01-18,72,3.0,,0.03,2.16
2016-01-19,71,3.0,,0.03,2.13
2016-01-20,71,3.0,,0.03,2.13
2016-01-21,48,3.0,,0.03,1.44
2016-01-22,57,3.0,,0.03,1.71
2016-01-23,51,3.0,,0.03,1.53
2016-01-24,45,3.0,,0.03,1.3499999999999999
2016-01-25,48,3.0,,0.03,1.44
2016-01-26,51,3.0,,0.03,1.53
2016-01-27,51,3.0,,0.03,1.53
2016-01-28,44,3.0,,0.03,1.3199999999999998
2016-01-29,58,3.0,,0.03,1.74
2016-01-30,58,3.0,,0.03,1.74
2016-01-31,47,3.0,,0.03,1.41
2016-02-01,57,3.0,False,0.03,1.71
2016-02-02,41,3.0,,0.03,1.23
2016-02-03,59,3.0,,0.03,1.77
2016-02-04,58,3.0,,0.03,1.74
2016-02-05,34,3.0,,0.03,1.02
2016-02-06,40,3.0,,0.03,1.2
2016-02-07,36,3.0,,0.03,1.08
2016-02-08,45,3.0,,0.03,1.3499999999999999
2016-02-09,59,3.0,,0.03,1.77
2016-02-10,53,3.0,,0.03,1.5899999999999999
2016-02-11,50,3.0,,0.03,1.5
2016-02-12,47,3.0,,0.03,1.41
2016-02-13,44,3.0,,0.03,1.3199999999999998
2016-02-14,53,3.0,,0.03,1.5899999999999999
2016-02-15,66,3.0,,0.03,1.98
2016-02-16,76,3.0,,0.03,2.28
2016-02-17,69,3.0,,0.03,2.07
2016-02-18,100,3.0,,0.03,3.0
2016-02-19,76,3.0,,0.03,2.28
2016-02-20,65,3.0,,0.03,1.95
2016-02-21,69,3.0,,0.03,2.07
2016-02-22,53,3.0,,0.03,1.5899999999999999
2016-02-23,61,3.0,,0.03,1.8299999999999998
2016-02-24,59,3.0,,0.03,1.77
2016-02-25,65,3.0,,0.03,1.95
2016-02-26,47,3.0,,0.03,1.41
2016-02-27,63,3.0,,0.03,1.89
2016-02-28,44,3.0,,0.03,1.3199999999999998
2016-02-29,42,3.0,,0.03,1.26
2016-03-01,91,2.0,False,0.02,1.82
2016-03-02,72,2.0,,0.02,1.44
2016-03-03,89,2.0,,0.02,1.78
2016-03-04,77,2.0,,0.02,1.54
2016-03-05,74,2.0,,0.02,1.48
2016-03-06,79,2.0,,0.02,1.58
2016-03-07,80,2.0,,0.02,1.6
2016-03-08,84,2.0,,0.02,1.68
2016-03-09,78,2.0,,0.02,1.56
2016-03-10,78,2.0,,0.02,1.56
2016-03-11,68,2.0,,0.02,1.36
2016-03-12,60,2.0,,0.02,1.2
2016-03-13,64,2.0,,0.02,1.28
2016-03-14,70,2.0,,0.02,1.4000000000000001
2016-03-15,92,2.0,,0.02,1.84
2016-03-16,46,2.0,,0.02,0.92
2016-03-17,76,2.0,,0.02,1.52
2016-03-18,65,2.0,,0.02,1.3
2016-03-19,70,2.0,,0.02,1.4000000000000001
2016-03-20,61,2.0,,0.02,1.22
2016-03-21,100,2.0,,0.02,2.0
2016-03-22,61,2.0,,0.02,1.22
2016-03-23,78,2.0,,0.02,1.56
2016-03-24,59,2.0,,0.02,1.18
2016-03-25,78,2.0,,0.02,1.56
2016-03-26,44,2.0,,0.02,0.88
2016-03-27,65,2.0,,0.02,1.3
2016-03-28,59,2.0,,0.02,1.18
2016-03-29,75,2.0,,0.02,1.5
2016-03-30,74,2.0,,0.02,1.48
2016-03-31,70,2.0,,0.02,1.4000000000000001
2016-04-01,89,2.0,False,0.02,1.78
2016-04-02,74,2.0,,0.02,1.48
2016-04-03,79,2.0,,0.02,1.58
2016-04-04,74,2.0,,0.02,1.48
2016-04-05,68,2.0,,0.02,1.36
2016-04-06,86,2.0,,0.02,1.72
2016-04-07,86,2.0,,0.02,1.72
2016-04-08,78,2.0,,0.02,1.56
2016-04-09,60,2.0,,0.02,1.2
2016-04-10,72,2.0,,0.02,1.44
2016-04-11,71,2.0,,0.02,1.42
2016-04-12,93,2.0,,0.02,1.86
2016-04-13,65,2.0,,0.02,1.3
2016-04-14,62,2.0,,0.02,1.24
2016-04-15,72,2.0,,0.02,1.44
2016-04-16,69,2.0,,0.02,1.3800000000000001
2016-04-17,76,2.0,,0.02,1.52
2016-04-18,72,2.0,,0.02,1.44
2016-04-19,79,2.0,,0.02,1.58
2016-04-20,73,2.0,,0.02,1.46
2016-04-21,84,2.0,,0.02,1.68
2016-04-22,80,2.0,,0.02,1.6
2016-04-23,88,2.0,,0.02,1.76
2016-04-24,100,2.0,,0.02,2.0
2016-04-25,76,2.0,,0.02,1.52
2016-04-26,91,2.0,,0.02,1.82
2016-04-27,87,2.0,,0.02,1.74
2016-04-28,93,2.0,,0.02,1.86
2016-04-29,71,2.0,,0.02,1.42
2016-04-30,75,2.0,,0.02,1.5
2016-05-01,32,3.0,False,0.03,0.96
2016-05-02,100,3.0,,0.03,3.0
2016-05-03,61,3.0,,0.03,1.8299999999999998
2016-05-04,44,3.0,,0.03,1.3199999999999998
2016-05-05,49,3.0,,0.03,1.47
2016-05-06,41,3.0,,0.03,1.23
2016-05-07,39,3.0,,0.03,1.17
2016-05-08,31,3.0,,0.03,0.9299999999999999
2016-05-09,38,3.0,,0.03,1.14
2016-05-10,39,3.0,,0.03,1.17
2016-05-11,30,3.0,,0.03,0.8999999999999999
2016-05-12,36,3.0,,0.03,1.08
2016-05-13,31,3.0,,0.03,0.9299999999999999
2016-05-14,29,3.0,,0.03,0.87
2016-05-15,34,3.0,,0.03,1.02
2016-05-16,28,3.0,,0.03,0.84
2016-05-17,35,3.0,,0.03,1.05
2016-05-18,33,3.0,,0.03,0.99
2016-05-19,38,3.0,,0.03,1.14
2016-05-20,35,3.0,,0.03,1.05
2016-05-21,30,3.0,,0.03,0.8999999999999999
2016-05-22,32,3.0,,0.03,0.96
2016-05-23,27,3.0,,0.03,0.8099999999999999
2016-05-24,29,3.0,,0.03,0.87
2016-05-25,28,3.0,,0.03,0.84
2016-05-26,32,3.0,,0.03,0.96
2016-05-27,34,3.0,,0.03,1.02
2016-05-28,40,3.0,,0.03,1.2
2016-05-29,44,3.0,,0.03,1.3199999999999998
2016-05-30,55,3.0,,0.03,1.65
2016-05-31,47,3.0,,0.03,1.41
2016-06-01,42,4.0,False,0.04,1.68
2016-06-02,40,4.0,,0.04,1.6
2016-06-03,43,4.0,,0.04,1.72
2016-06-04,52,4.0,,0.04,2.08
2016-06-05,40,4.0,,0.04,1.6
2016-06-06,43,4.0,,0.04,1.72
2016-06-07,48,4.0,,0.04,1.92
2016-06-08,36,4.0,,0.04,1.44
2016-06-09,36,4.0,,0.04,1.44
2016-06-10,45,4.0,,0.04,1.8
2016-06-11,35,4.0,,0.04,1.4000000000000001
2016-06-12,57,4.0,,0.04,2.2800000000000002
2016-06-13,78,4.0,,0.04,3.12
2016-06-14,68,4.0,,0.04,2.72
2016-06-15,54,4.0,,0.04,2.16
2016-06-16,82,4.0,,0.04,3.2800000000000002
2016-06-17,78,4.0,,0.04,3.12
2016-06-18,60,4.0,,0.04,2.4
2016-06-19,56,4.0,,0.04,2.24
2016-06-20,60,4.0,,0.04,2.4
2016-06-21,82,4.0,,0.04,3.2800000000000002
2016-06-22,62,4.0,,0.04,2.48
2016-06-23,61,4.0,,0.04,2.44
2016-06-24,100,4.0,,0.04,4.0
2016-06-25,56,4.0,,0.04,2.24
2016-06-26,54,4.0,,0.04,2.16
2016-06-27,41,4.0,,0.04,1.6400000000000001
2016-06-28,62,4.0,,0.04,2.48
2016-06-29,49,4.0,,0.04,1.96
2016-06-30,50,4.0,,0.04,2.0
2016-07-01,58,3.0,False,0.03,1.74
2016-07-02,48,3.0,,0.03,1.44
2016-07-03,53,3.0,,0.03,1.5899999999999999
2016-07-04,65,3.0,,0.03,1.95
2016-07-05,65,3.0,,0.03,1.95
2016-07-06,65,3.0,,0.03,1.95
2016-07-07,59,3.0,,0.03,1.77
2016-07-08,68,3.0,,0.03,2.04
2016-07-09,100,3.0,,0.03,3.0
2016-07-10,59,3.0,,0.03,1.77
2016-07-11,60,3.0,,0.03,1.7999999999999998
2016-07-12,50,3.0,,0.03,1.5
2016-07-13,60,3.0,,0.03,1.7999999999999998
2016-07-14,46,3.0,,0.03,1.38
2016-07-15,53,3.0,,0.03,1.5899999999999999
2016-07-16,39,3.0,,0.03,1.17
2016-07-17,54,3.0,,0.03,1.6199999999999999
2016-07-18,35,3.0,,0.03,1.05
2016-07-19,53,3.0,,0.03,1.5899999999999999
2016-07-20,46,3.0,,0.03,1.38
2016-07-21,40,3.0,,0.03,1.2
2016-07-22,32,3.0,,0.03,0.96
2016-07-23,41,3.0,,0.03,1.23
2016-07-24,42,3.0,,0.03,1.26
2016-07-25,38,3.0,,0.03,1.14
2016-07-26,58,3.0,,0.03,1.74
2016-07-27,42,3.0,,0.03,1.26
2016-07-28,41,3.0,,0.03,1.23
2016-07-29,51,3.0,,0.03,1.53
2016-07-30,42,3.0,,0.03,1.26
2016-07-31,44,3.0,,0.03,1.3199999999999998
2016-08-01,37,2.0,False,0.02,0.74
2016-08-02,48,2.0,,0.02,0.96
2016-08-03,100,2.0,,0.02,2.0
2016-08-04,52,2.0,,0.02,1.04
2016-08-05,43,2.0,,0.02,0.86
2016-08-06,33,2.0,,0.02,0.66
2016-08-07,38,2.0,,0.02,0.76
2016-08-08,44,2.0,,0.02,0.88
2016-08-09,36,2.0,,0.02,0.72
2016-08-10,28,2.0,,0.02,0.56
2016-08-11,22,2.0,,0.02,0.44
2016-08-12,34,2.0,,0.02,0.68
2016-08-13,29,2.0,,0.02,0.58
2016-08-14,28,2.0,,0.02,0.56
2016-08-15,36,2.0,,0.02,0.72
2016-08-16,28,2.0,,0.02,0.56
2016-08-17,33,2.0,,0.02,0.66
2016-08-18,34,2.0,,0.02,0.68
2016-08-19,33,2.0,,0.02,0.66
2016-08-20,25,2.0,,0.02,0.5
2016-08-21,30,2.0,,0.02,0.6
2016-08-22,22,2.0,,0.02,0.44
2016-08-23,38,2.0,,0.02,0.76
2016-08-24,30,2.0,,0.02,0.6
2016-08-25,31,2.0,,0.02,0.62
2016-08-26,27,2.0,,0.02,0.54
2016-08-27,27,2.0,,0.02,0.54
2016-08-28,21,2.0,,0.02,0.42
2016-08-29,32,2.0,,0.02,0.64
2016-08-30,31,2.0,,0.02,0.62
2016-08-31,28,2.0,,0.02,0.56
2016-09-01,78,2.0,False,0.02,1.56
2016-09-02,62,2.0,,0.02,1.24
2016-09-03,81,2.0,,0.02,1.62
2016-09-04,67,2.0,,0.02,1.34
2016-09-05,82,2.0,,0.02,1.6400000000000001
2016-09-06,58,2.0,,0.02,1.16
2016-09-07,80,2.0,,0.02,1.6
2016-09-08,100,2.0,,0.02,2.0
2016-09-09,86,2.0,,0.02,1.72
2016-09-10,72,2.0,,0.02,1.44
2016-09-11,83,2.0,,0.02,1.6600000000000001
2016-09-12,71,2.0,,0.02,1.42
2016-09-13,87,2.0,,0.02,1.74
2016-09-14,83,2.0,,0.02,1.6600000000000001
2016-09-15,79,2.0,,0.02,1.58
2016-09-16,79,2.0,,0.02,1.58
2016-09-17,71,2.0,,0.02,1.42
2016-09-18,85,2.0,,0.02,1.7
2016-09-19,64,2.0,,0.02,1.28
2016-09-20,79,2.0,,0.02,1.58
2016-09-21,93,2.0,,0.02,1.86
2016-09-22,75,2.0,,0.02,1.5
2016-09-23,69,2.0,,0.02,1.3800000000000001
2016-09-24,90,2.0,,0.02,1.8
2016-09-25,63,2.0,,0.02,1.26
2016-09-26,69,2.0,,0.02,1.3800000000000001
2016-09-27,59,2.0,,0.02,1.18
2016-09-28,68,2.0,,0.02,1.36
2016-09-29,67,2.0,,0.02,1.34
2016-09-30,74,2.0,,0.02,1.48
2016-10-01,80,2.0,False,0.02,1.6
2016-10-02,64,2.0,,0.02,1.28
2016-10-03,58,2.0,,0.02,1.16
2016-10-04,74,2.0,,0.02,1.48
2016-10-05,69,2.0,,0.02,1.3800000000000001
2016-10-06,49,2.0,,0.02,0.98
2016-10-07,56,2.0,,0.02,1.12
2016-10-08,68,2.0,,0.02,1.36
2016-10-09,68,2.0,,0.02,1.36
2016-10-10,74,2.0,,0.02,1.48
2016-10-11,63,2.0,,0.02,1.26
2016-10-12,75,2.0,,0.02,1.5
2016-10-13,65,2.0,,0.02,1.3
2016-10-14,76,2.0,,0.02,1.52
2016-10-15,66,2.0,,0.02,1.32
2016-10-16,56,2.0,,0.02,1.12
2016-10-17,55,2.0,,0.02,1.1
2016-10-18,70,2.0,,0.02,1.4000000000000001
2016-10-19,55,2.0,,0.02,1.1
2016-10-20,71,2.0,,0.02,1.42
2016-10-21,62,2.0,,0.02,1.24
2016-10-22,54,2.0,,0.02,1.08
2016-10-23,68,2.0,,0.02,1.36
2016-10-24,64,2.0,,0.02,1.28
2016-10-25,81,2.0,,0.02,1.62
2016-10-26,89,2.0,,0.02,1.78
2016-10-27,100,2.0,,0.02,2.0
2016-10-28,83,2.0,,0.02,1.6600000000000001
2016-10-29,96,2.0,,0.02,1.92
2016-10-30,73,2.0,,0.02,1.46
2016-10-31,66,2.0,,0.02,1.32
2016-11-01,90,3.0,False,0.03,2.6999999999999997
2016-11-02,91,3.0,,0.03,2.73
2016-11-03,90,3.0,,0.03,2.6999999999999997
2016-11-04,66,3.0,,0.03,1.98
2016-11-05,69,3.0,,0.03,2.07
2016-11-06,58,3.0,,0.03,1.74
2016-11-07,66,3.0,,0.03,1.98
2016-11-08,60,3.0,,0.03,1.7999999999999998
2016-11-09,100,3.0,,0.03,3.0
2016-11-10,78,3.0,,0.03,2.34
2016-11-11,57,3.0,,0.03,1.71
2016-11-12,61,3.0,,0.03,1.8299999999999998
2016-11-13,66,3.0,,0.03,1.98
2016-11-14,76,3.0,,0.03,2.28
2016-11-15,56,3.0,,0.03,1.68
2016-11-16,74,3.0,,0.03,2.2199999999999998
2016-11-17,77,3.0,,0.03,2.31
2016-11-18,65,3.0,,0.03,1.95
2016-11-19,89,3.0,,0.03,2.67
2016-11-20,79,3.0,,0.03,2.37
2016-11-21,59,3.0,,0.03,1.77
2016-11-22,75,3.0,,0.03,2.25
2016-11-23,67,3.0,,0.03,2.01
2016-11-24,80,3.0,,0.03,2.4
2016-11-25,72,3.0,,0.03,2.16
2016-11-26,72,3.0,,0.03,2.16
2016-11-27,59,3.0,,0.03,1.77
2016-11-28,74,3.0,,0.03,2.2199999999999998
2016-11-29,87,3.0,,0.03,2.61
2016-11-30,94,3.0,,0.03,2.82
2016-12-01,57,3.0,False,0.03,1.71
2016-12-02,68,3.0,,0.03,2.04
2016-12-03,57,3.0,,0.03,1.71
2016-12-04,51,3.0,,0.03,1.53
2016-12-05,61,3.0,,0.03,1.8299999999999998
2016-12-06,57,3.0,,0.03,1.71
2016-12-07,65,3.0,,0.03,1.95
2016-12-08,59,3.0,,0.03,1.77
2016-12-09,47,3.0,,0.03,1.41
2016-12-10,46,3.0,,0.03,1.38
2016-12-11,48,3.0,,0.03,1.44
2016-12-12,48,3.0,,0.03,1.44
2016-12-13,56,3.0,,0.03,1.68
2016-12-14,59,3.0,,0.03,1.77
2016-12-15,52,3.0,,0.03,1.56
2016-12-16,62,3.0,,0.03,1.8599999999999999
2016-12-17,39,3.0,,0.03,1.17
2016-12-18,53,3.0,,0.03,1.5899999999999999
2016-12-19,46,3.0,,0.03,1.38
2016-12-20,62,3.0,,0.03,1.8599999999999999
2016-12-21,90,3.0,,0.03,2.6999999999999997
2016-12-22,88,3.0,,0.03,2.6399999999999997
2016-12-23,100,3.0,,0.03,3.0
2016-12-24,81,3.0,,0.03,2.4299999999999997
2016-12-25,86,3.0,,0.03,2.58
2016-12-26,74,3.0,,0.03,2.2199999999999998
2016-12-27,75,3.0,,0.03,2.25
2016-12-28,75,3.0,,0.03,2.25
2016-12-29,98,3.0,,0.03,2.94
2016-12-30,90,3.0,,0.03,2.6999999999999997
2016-12-31,78,3.0,,0.03,2.34
2017-01-01,51,5.0,False,0.05,2.5500000000000003
2017-01-02,82,5.0,,0.05,4.1000000000000005
2017-01-03,73,5.0,,0.05,3.6500000000000004
2017-01-04,92,5.0,,0.05,4.6000000000000005
2017-01-05,100,5.0,,0.05,5.0
2017-01-06,77,5.0,,0.05,3.85
2017-01-07,62,5.0,,0.05,3.1
2017-01-08,58,5.0,,0.05,2.9000000000000004
2017-01-09,64,5.0,,0.05,3.2
2017-01-10,49,5.0,,0.05,2.45
2017-01-11,71,5.0,,0.05,3.5500000000000003
2017-01-12,60,5.0,,0.05,3.0
2017-01-13,59,5.0,,0.05,2.95
2017-01-14,53,5.0,,0.05,2.6500000000000004
2017-01-15,48,5.0,,0.05,2.4000000000000004
2017-01-16,42,5.0,,0.05,2.1
2017-01-17,46,5.0,,0.05,2.3000000000000003
2017-01-18,51,5.0,,0.05,2.5500000000000003
2017-01-19,39,5.0,,0.05,1.9500000000000002
2017-01-20,38,5.0,,0.05,1.9000000000000001
2017-01-21,36,5.0,,0.05,1.8
2017-01-22,44,5.0,,0.05,2.2
2017-01-23,32,5.0,,0.05,1.6
2017-01-24,38,5.0,,0.05,1.9000000000000001
2017-01-25,52,5.0,,0.05,2.6
2017-01-26,42,5.0,,0.05,2.1
2017-01-27,39,5.0,,0.05,1.9500000000000002
2017-01-28,35,5.0,,0.05,1.75
2017-01-29,34,5.0,,0.05,1.7000000000000002
2017-01-30,39,5.0,,0.05,1.9500000000000002
2017-01-31,44,5.0,,0.05,2.2
2017-02-01,57,4.0,False,0.04,2.2800000000000002
2017-02-02,67,4.0,,0.04,2.68
2017-02-03,67,4.0,,0.04,2.68
2017-02-04,66,4.0,,0.04,2.64
2017-02-05,66,4.0,,0.04,2.64
2017-02-06,54,4.0,,0.04,2.16
2017-02-07,66,4.0,,0.04,2.64
2017-02-08,72,4.0,,0.04,2.88
2017-02-09,90,4.0,,0.04,3.6
2017-02-10,71,4.0,,0.04,2.84
2017-02-11,68,4.0,,0.04,2.72
2017-02-12,59,4.0,,0.04,2.36
2017-02-13,56,4.0,,0.04,2.24
2017-02-14,58,4.0,,0.04,2.32
2017-02-15,60,4.0,,0.04,2.4
2017-02-16,64,4.0,,0.04,2.56
2017-02-17,63,4.0,,0.04,2.52
2017-02-18,70,4.0,,0.04,2.8000000000000003
2017-02-19,58,4.0,,0.04,2.32
2017-02-20,70,4.0,,0.04,2.8000000000000003
2017-02-21,97,4.0,,0.04,3.88
2017-02-22,96,4.0,,0.04,3.84
2017-02-23,88,4.0,,0.04,3.52
2017-02-24,100,4.0,,0.04,4.0
2017-02-25,81,4.0,,0.04,3.24
2017-02-26,55,4.0,,0.04,2.2
2017-02-27,81,4.0,,0.04,3.24
2017-02-28,80,4.0,,0.04,3.2
2017-03-01,54,5.0,False,0.05,2.7
2017-03-02,66,5.0,,0.05,3.3000000000000003
2017-03-03,81,5.0,,0.05,4.05
2017-03-04,61,5.0,,0.05,3.0500000000000003
2017-03-05,54,5.0,,0.05,2.7
2017-03-06,52,5.0,,0.05,2.6
2017-03-07,57,5.0,,0.05,2.85
2017-03-08,60,5.0,,0.05,3.0
2017-03-09,56,5.0,,0.05,2.8000000000000003
2017-03-10,100,5.0,,0.05,5.0
2017-03-11,76,5.0,,0.05,3.8000000000000003
2017-03-12,43,5.0,,0.05,2.15
2017-03-13,54,5.0,,0.05,2.7
2017-03-14,50,5.0,,0.05,2.5
2017-03-15,52,5.0,,0.05,2.6
2017-03-16,49,5.0,,0.05,2.45
2017-03-17,55,5.0,,0.05,2.75
2017-03-18,64,5.0,,0.05,3.2
2017-03-19,52,5.0,,0.05,2.6
2017-03-20,53,5.0,,0.05,2.6500000000000004
2017-03-21,44,5.0,,0.05,2.2
2017-03-22,50,5.0,,0.05,2.5
2017-03-23,46,5.0,,0.05,2.3000000000000003
2017-03-24,44,5.0,,0.05,2.2
2017-03-25,38,5.0,,0.05,1.9000000000000001
2017-03-26,43,5.0,,0.05,2.15
2017-03-27,49,5.0,,0.05,2.45
2017-03-28,37,5.0,,0.05,1.85
2017-03-29,42,5.0,,0.05,2.1
2017-03-30,37,5.0,,0.05,1.85
2017-03-31,37,5.0,,0.05,1.85
2017-04-01,39,4.0,False,0.04,1.56
2017-04-02,61,4.0,,0.04,2.44
2017-04-03,77,4.0,,0.04,3.08
2017-04-04,68,4.0,,0.04,2.72
2017-04-05,62,4.0,,0.04,2.48
2017-04-06,64,4.0,,0.04,2.56
2017-04-07,59,4.0,,0.04,2.36
2017-04-08,67,4.0,,0.04,2.68
2017-04-09,60,4.0,,0.04,2.4
2017-04-10,60,4.0,,0.04,2.4
2017-04-11,61,4.0,,0.04,2.44
2017-04-12,76,4.0,,0.04,3.04
2017-04-13,71,4.0,,0.04,2.84
2017-04-14,51,4.0,,0.04,2.04
2017-04-15,61,4.0,,0.04,2.44
2017-04-16,60,4.0,,0.04,2.4
2017-04-17,72,4.0,,0.04,2.88
2017-04-18,61,4.0,,0.04,2.44
2017-04-19,60,4.0,,0.04,2.4
2017-04-20,68,4.0,,0.04,2.72
2017-04-21,67,4.0,,0.04,2.68
2017-04-22,73,4.0,,0.04,2.92
2017-04-23,54,4.0,,0.04,2.16
2017-04-24,68,4.0,,0.04,2.72
2017-04-25,59,4.0,,0.04,2.36
2017-04-26,80,4.0,,0.04,3.2
2017-04-27,100,4.0,,0.04,4.0
2017-04-28,76,4.0,,0.04,3.04
2017-04-29,76,4.0,,0.04,3.04
2017-04-30,65,4.0,,0.04,2.6
2017-05-01,21,11.0,False,0.11,2.31
2017-05-02,21,11.0,,0.11,2.31
2017-05-03,20,11.0,,0.11,2.2
2017-05-04,29,11.0,,0.11,3.19
2017-05-05,28,11.0,,0.11,3.08
2017-05-06,21,11.0,,0.11,2.31
2017-05-07,18,11.0,,0.11,1.98
2017-05-08,22,11.0,,0.11,2.42
2017-05-09,34,11.0,,0.11,3.74
2017-05-10,31,11.0,,0.11,3.41
2017-05-11,30,11.0,,0.11,3.3
2017-05-12,34,11.0,,0.11,3.74
2017-05-13,34,11.0,,0.11,3.74
2017-05-14,27,11.0,,0.11,2.97
2017-05-15,36,11.0,,0.11,3.96
2017-05-16,33,11.0,,0.11,3.63
2017-05-17,31,11.0,,0.11,3.41
2017-05-18,28,11.0,,0.11,3.08
2017-05-19,35,11.0,,0.11,3.85
2017-05-20,35,11.0,,0.11,3.85
2017-05-21,33,11.0,,0.11,3.63
2017-05-22,66,11.0,,0.11,7.26
2017-05-23,71,11.0,,0.11,7.81
2017-05-24,73,11.0,,0.11,8.03
2017-05-25,100,11.0,,0.11,11.0
2017-05-26,78,11.0,,0.11,8.58
2017-05-27,59,11.0,,0.11,6.49
2017-05-28,44,11.0,,0.11,4.84
2017-05-29,37,11.0,,0.11,4.07
2017-05-30,44,11.0,,0.11,4.84
2017-05-31,43,11.0,,0.11,4.73
2017-06-01,65,12.0,False,0.12,7.8
2017-06-02,57,12.0,,0.12,6.84
2017-06-03,51,12.0,,0.12,6.12
2017-06-04,55,12.0,,0.12,6.6
2017-06-05,54,12.0,,0.12,6.4799999999999995
2017-06-06,88,12.0,,0.12,10.559999999999999
2017-06-07,87,12.0,,0.12,10.44
2017-06-08,64,12.0,,0.12,7.68
2017-06-09,66,12.0,,0.12,7.92
2017-06-10,57,12.0,,0.12,6.84
2017-06-11,68,12.0,,0.12,8.16
2017-06-12,100,12.0,,0.12,12.0
2017-06-13,78,12.0,,0.12,9.36
2017-06-14,73,12.0,,0.12,8.76
2017-06-15,82,12.0,,0.12,9.84
2017-06-16,71,12.0,,0.12,8.52
2017-06-17,59,12.0,,0.12,7.08
2017-06-18,49,12.0,,0.12,5.88
2017-06-19,60,12.0,,0.12,7.199999999999999
2017-06-20,61,12.0,,0.12,7.319999999999999
2017-06-21,67,12.0,,0.12,8.04
2017-06-22,65,12.0,,0.12,7.8
2017-06-23,52,12.0,,0.12,6.24
2017-06-24,47,12.0,,0.12,5.64
2017-06-25,45,12.0,,0.12,5.3999999999999995
2017-06-26,62,12.0,,0.12,7.4399999999999995
2017-06-27,71,12.0,,0.12,8.52
2017-06-28,64,12.0,,0.12,7.68
2017-06-29,52,12.0,,0.12,6.24
2017-06-30,41,12.0,,0.12,4.92
2017-07-01,54,9.0,False,0.09,4.859999999999999
2017-07-02,58,9.0,,0.09,5.22
2017-07-03,62,9.0,,0.09,5.58
2017-07-04,65,9.0,,0.09,5.85
2017-07-05,61,9.0,,0.09,5.49
2017-07-06,64,9.0,,0.09,5.76
2017-07-07,63,9.0,,0.09,5.67
2017-07-08,56,9.0,,0.09,5.04
2017-07-09,54,9.0,,0.09,4.859999999999999
2017-07-10,67,9.0,,0.09,6.029999999999999
2017-07-11,80,9.0,,0.09,7.199999999999999
2017-07-12,75,9.0,,0.09,6.75
2017-07-13,66,9.0,,0.09,5.9399999999999995
2017-07-14,70,9.0,,0.09,6.3
2017-07-15,77,9.0,,0.09,6.93
2017-07-16,92,9.0,,0.09,8.28
2017-07-17,83,9.0,,0.09,7.47
2017-07-18,94,9.0,,0.09,8.459999999999999
2017-07-19,78,9.0,,0.09,7.02
2017-07-20,93,9.0,,0.09,8.37
2017-07-21,100,9.0,,0.09,9.0
2017-07-22,67,9.0,,0.09,6.029999999999999
2017-07-23,64,9.0,,0.09,5.76
2017-07-24,65,9.0,,0.09,5.85
2017-07-25,81,9.0,,0.09,7.29
2017-07-26,74,9.0,,0.09,6.66
2017-07-27,76,9.0,,0.09,6.84
2017-07-28,89,9.0,,0.09,8.01
2017-07-29,86,9.0,,0.09,7.739999999999999
2017-07-30,65,9.0,,0.09,5.85
2017-07-31,78,9.0,,0.09,7.02
2017-08-01,100,16.0,False,0.16,16.0
2017-08-02,85,16.0,,0.16,13.6
2017-08-03,52,16.0,,0.16,8.32
2017-08-04,50,16.0,,0.16,8.0
2017-08-05,69,16.0,,0.16,11.040000000000001
2017-08-06,49,16.0,,0.16,7.84
2017-08-07,59,16.0,,0.16,9.44
2017-08-08,68,16.0,,0.16,10.88
2017-08-09,59,16.0,,0.16,9.44
2017-08-10,50,16.0,,0.16,8.0
2017-08-11,60,16.0,,0.16,9.6
2017-08-12,76,16.0,,0.16,12.16
2017-08-13,90,16.0,,0.16,14.4
2017-08-14,96,16.0,,0.16,15.36
2017-08-15,93,16.0,,0.16,14.88
2017-08-16,85,16.0,,0.16,13.6
2017-08-17,79,16.0,,0.16,12.64
2017-08-18,73,16.0,,0.16,11.68
2017-08-19,73,16.0,,0.16,11.68
2017-08-20,63,16.0,,0.16,10.08
2017-08-21,60,16.0,,0.16,9.6
2017-08-22,76,16.0,,0.16,12.16
2017-08-23,65,16.0,,0.16,10.4
2017-08-24,65,16.0,,0.16,10.4
2017-08-25,67,16.0,,0.16,10.72
2017-08-26,58,16.0,,0.16,9.28
2017-08-27,51,16.0,,0.16,8.16
2017-08-28,52,16.0,,0.16,8.32
2017-08-29,69,16.0,,0.16,11.040000000000001
2017-08-30,64,16.0,,0.16,10.24
2017-08-31,71,16.0,,0.16,11.36
2017-09-01,68,15.0,False,0.15,10.2
2017-09-02,66,15.0,,0.15,9.9
2017-09-03,54,15.0,,0.15,8.1
2017-09-04,70,15.0,,0.15,10.5
2017-09-05,70,15.0,,0.15,10.5
2017-09-06,49,15.0,,0.15,7.35
2017-09-07,45,15.0,,0.15,6.75
2017-09-08,56,15.0,,0.15,8.4
2017-09-09,45,15.0,,0.15,6.75
2017-09-10,37,15.0,,0.15,5.55
2017-09-11,48,15.0,,0.15,7.199999999999999
2017-09-12,58,15.0,,0.15,8.7
2017-09-13,82,15.0,,0.15,12.299999999999999
2017-09-14,100,15.0,,0.15,15.0
2017-09-15,96,15.0,,0.15,14.399999999999999
2017-09-16,64,15.0,,0.15,9.6
2017-09-17,45,15.0,,0.15,6.75
2017-09-18,59,15.0,,0.15,8.85
2017-09-19,56,15.0,,0.15,8.4
2017-09-20,47,15.0,,0.15,7.05
2017-09-21,53,15.0,,0.15,7.949999999999999
2017-09-22,50,15.0,,0.15,7.5
2017-09-23,37,15.0,,0.15,5.55
2017-09-24,39,15.0,,0.15,5.85
2017-09-25,43,15.0,,0.15,6.45
2017-09-26,45,15.0,,0.15,6.75
2017-09-27,43,15.0,,0.15,6.45
2017-09-28,43,15.0,,0.15,6.45
2017-09-29,41,15.0,,0.15,6.1499999999999995
2017-09-30,39,15.0,,0.15,5.85
2017-10-01,41,17.0,False,0.17,6.970000000000001
2017-10-02,42,17.0,,0.17,7.140000000000001
2017-10-03,40,17.0,,0.17,6.800000000000001
2017-10-04,40,17.0,,0.17,6.800000000000001
2017-10-05,38,17.0,,0.17,6.460000000000001
2017-10-06,37,17.0,,0.17,6.29
2017-10-07,32,17.0,,0.17,5.44
2017-10-08,40,17.0,,0.17,6.800000000000001
2017-10-09,48,17.0,,0.17,8.16
2017-10-10,49,17.0,,0.17,8.33
2017-10-11,52,17.0,,0.17,8.84
2017-10-12,82,17.0,,0.17,13.940000000000001
2017-10-13,100,17.0,,0.17,17.0
2017-10-14,65,17.0,,0.17,11.05
2017-10-15,60,17.0,,0.17,10.200000000000001
2017-10-16,69,17.0,,0.17,11.73
2017-10-17,63,17.0,,0.17,10.71
2017-10-18,69,17.0,,0.17,11.73
2017-10-19,65,17.0,,0.17,11.05
2017-10-20,82,17.0,,0.17,13.940000000000001
2017-10-21,81,17.0,,0.17,13.770000000000001
2017-10-22,68,17.0,,0.17,11.56
2017-10-23,79,17.0,,0.17,13.430000000000001
2017-10-24,87,17.0,,0.17,14.790000000000001
2017-10-25,77,17.0,,0.17,13.090000000000002
2017-10-26,70,17.0,,0.17,11.9
2017-10-27,60,17.0,,0.17,10.200000000000001
2017-10-28,47,17.0,,0.17,7.99
2017-10-29,61,17.0,,0.17,10.370000000000001
2017-10-30,69,17.0,,0.17,11.73
2017-10-31,93,17.0,,0.17,15.81
2017-11-01,22,40.0,False,0.4,8.8
2017-11-02,32,40.0,,0.4,12.8
2017-11-03,26,40.0,,0.4,10.4
2017-11-04,20,40.0,,0.4,8.0
2017-11-05,19,40.0,,0.4,7.6000000000000005
2017-11-06,21,40.0,,0.4,8.4
2017-11-07,20,40.0,,0.4,8.0
2017-11-08,22,40.0,,0.4,8.8
2017-11-09,21,40.0,,0.4,8.4
2017-11-10,27,40.0,,0.4,10.8
2017-11-11,26,40.0,,0.4,10.4
2017-11-12,31,40.0,,0.4,12.4
2017-11-13,28,40.0,,0.4,11.200000000000001
2017-11-14,22,40.0,,0.4,8.8
2017-11-15,21,40.0,,0.4,8.4
2017-11-16,21,40.0,,0.4,8.4
2017-11-17,30,40.0,,0.4,12.0
2017-11-18,23,40.0,,0.4,9.200000000000001
2017-11-19,18,40.0,,0.4,7.2
2017-11-20,24,40.0,,0.4,9.600000000000001
2017-11-21,27,40.0,,0.4,10.8
2017-11-22,23,40.0,,0.4,9.200000000000001
2017-11-23,21,40.0,,0.4,8.4
2017-11-24,20,40.0,,0.4,8.0
2017-11-25,22,40.0,,0.4,8.8
2017-11-26,34,40.0,,0.4,13.600000000000001
2017-11-27,48,40.0,,0.4,19.200000000000003
2017-11-28,52,40.0,,0.4,20.8
2017-11-29,100,40.0,,0.4,40.0
2017-11-30,79,40.0,,0.4,31.6
2017-12-01,35,100.0,False,1.0,35.0
2017-12-02,27,100.0,,1.0,27.0
2017-12-03,24,100.0,,1.0,24.0
2017-12-04,29,100.0,,1.0,29.0
2017-12-05,30,100.0,,1.0,30.0
2017-12-06,43,100.0,,1.0,43.0
2017-12-07,100,100.0,,1.0,100.0
2017-12-08,85,100.0,,1.0,85.0
2017-12-09,55,100.0,,1.0,55.0
2017-12-10,49,100.0,,1.0,49.0
2017-12-11,61,100.0,,1.0,61.0
2017-12-12,56,100.0,,1.0,56.0
2017-12-13,50,100.0,,1.0,50.0
2017-12-14,41,100.0,,1.0,41.0
2017-12-15,36,100.0,,1.0,36.0
2017-12-16,38,100.0,,1.0,38.0
2017-12-17,40,100.0,,1.0,40.0
2017-12-18,43,100.0,,1.0,43.0
2017-12-19,44,100.0,,1.0,44.0
2017-12-20,69,100.0,,1.0,69.0
2017-12-21,46,100.0,,1.0,46.0
2017-12-22,100,100.0,,1.0,100.0
2017-12-23,56,100.0,,1.0,56.0
2017-12-24,39,100.0,,1.0,39.0
2017-12-25,33,100.0,,1.0,33.0
2017-12-26,34,100.0,,1.0,34.0
2017-12-27,33,100.0,,1.0,33.0
2017-12-28,34,100.0,,1.0,34.0
2017-12-29,28,100.0,,1.0,28.0
2017-12-30,29,100.0,,1.0,29.0
2017-12-31,22,100.0,,1.0,22.0
2018-01-01,38,50.0,False,0.5,19.0
2018-01-02,50,50.0,,0.5,25.0
2018-01-03,50,50.0,,0.5,25.0
2018-01-04,46,50.0,,0.5,23.0
2018-01-05,44,50.0,,0.5,22.0
2018-01-06,42,50.0,,0.5,21.0
2018-01-07,41,50.0,,0.5,20.5
2018-01-08,44,50.0,,0.5,22.0
2018-01-09,42,50.0,,0.5,21.0
2018-01-10,45,50.0,,0.5,22.5
2018-01-11,51,50.0,,0.5,25.5
2018-01-12,39,50.0,,0.5,19.5
2018-01-13,35,50.0,,0.5,17.5
2018-01-14,31,50.0,,0.5,15.5
2018-01-15,31,50.0,,0.5,15.5
2018-01-16,73,50.0,,0.5,36.5
2018-01-17,100,50.0,,0.5,50.0
2018-01-18,65,50.0,,0.5,32.5
2018-01-19,45,50.0,,0.5,22.5
2018-01-20,35,50.0,,0.5,17.5
2018-01-21,34,50.0,,0.5,17.0
2018-01-22,40,50.0,,0.5,20.0
2018-01-23,39,50.0,,0.5,19.5
2018-01-24,38,50.0,,0.5,19.0
2018-01-25,37,50.0,,0.5,18.5
2018-01-26,35,50.0,,0.5,17.5
2018-01-27,29,50.0,,0.5,14.5
2018-01-28,25,50.0,,0.5,12.5
2018-01-29,28,50.0,,0.5,14.0
2018-01-30,34,50.0,,0.5,17.0
2018-01-31,35,50.0,,0.5,17.5
2018-02-01,60,36.0,False,0.36,21.599999999999998
2018-02-02,84,36.0,,0.36,30.24
2018-02-03,55,36.0,,0.36,19.8
2018-02-04,43,36.0,,0.36,15.479999999999999
2018-02-05,83,36.0,,0.36,29.88
2018-02-06,100,36.0,,0.36,36.0
2018-02-07,65,36.0,,0.36,23.4
2018-02-08,55,36.0,,0.36,19.8
2018-02-09,42,36.0,,0.36,15.12
2018-02-10,36,36.0,,0.36,12.959999999999999
2018-02-11,31,36.0,,0.36,11.16
2018-02-12,36,36.0,,0.36,12.959999999999999
2018-02-13,33,36.0,,0.36,11.879999999999999
2018-02-14,34,36.0,,0.36,12.24
2018-02-15,35,36.0,,0.36,12.6
2018-02-16,31,36.0,,0.36,11.16
2018-02-17,28,36.0,,0.36,10.08
2018-02-18,30,36.0,,0.36,10.799999999999999
2018-02-19,26,36.0,,0.36,9.36
2018-02-20,31,36.0,,0.36,11.16
2018-02-21,33,36.0,,0.36,11.879999999999999
2018-02-22,29,36.0,,0.36,10.44
2018-02-23,26,36.0,,0.36,9.36
2018-02-24,22,36.0,,0.36,7.92
2018-02-25,23,36.0,,0.36,8.28
2018-02-26,26,36.0,,0.36,9.36
2018-02-27,28,36.0,,0.36,10.08
2018-02-28,25,36.0,,0.36,9.0
2018-03-01,69,19.0,False,0.19,13.11
2018-03-02,70,19.0,,0.19,13.3
2018-03-03,69,19.0,,0.19,13.11
2018-03-04,61,19.0,,0.19,11.59
2018-03-05,68,19.0,,0.19,12.92
2018-03-06,76,19.0,,0.19,14.44
2018-03-07,89,19.0,,0.19,16.91
2018-03-08,84,19.0,,0.19,15.96
2018-03-09,93,19.0,,0.19,17.67
2018-03-10,65,19.0,,0.19,12.35
2018-03-11,62,19.0,,0.19,11.78
2018-03-12,79,19.0,,0.19,15.01
2018-03-13,66,19.0,,0.19,12.540000000000001
2018-03-14,91,19.0,,0.19,17.29
2018-03-15,100,19.0,,0.19,19.0
2018-03-16,87,19.0,,0.19,16.53
2018-03-17,74,19.0,,0.19,14.06
2018-03-18,87,19.0,,0.19,16.53
2018-03-19,85,19.0,,0.19,16.15
2018-03-20,77,19.0,,0.19,14.63
2018-03-21,70,19.0,,0.19,13.3
2018-03-22,73,19.0,,0.19,13.870000000000001
2018-03-23,61,19.0,,0.19,11.59
2018-03-24,53,19.0,,0.19,10.07
2018-03-25,47,19.0,,0.19,8.93
2018-03-26,67,19.0,,0.19,12.73
2018-03-27,72,19.0,,0.19,13.68
2018-03-28,73,19.0,,0.19,13.870000000000001
2018-03-29,83,19.0,,0.19,15.77
2018-03-30,97,19.0,,0.19,18.43
2018-03-31,64,19.0,,0.19,12.16
2018-04-01,94,16.0,False,0.16,15.040000000000001
2018-04-02,99,16.0,,0.16,15.84
2018-04-03,90,16.0,,0.16,14.4
2018-04-04,80,16.0,,0.16,12.8
2018-04-05,85,16.0,,0.16,13.6
2018-04-06,88,16.0,,0.16,14.08
2018-04-07,70,16.0,,0.16,11.200000000000001
2018-04-08,67,16.0,,0.16,10.72
2018-04-09,86,16.0,,0.16,13.76
2018-04-10,77,16.0,,0.16,12.32
2018-04-11,71,16.0,,0.16,11.36
2018-04-12,100,16.0,,0.16,16.0
2018-04-13,96,16.0,,0.16,15.36
2018-04-14,65,16.0,,0.16,10.4
2018-04-15,70,16.0,,0.16,11.200000000000001
2018-04-16,68,16.0,,0.16,10.88
2018-04-17,72,16.0,,0.16,11.52
2018-04-18,72,16.0,,0.16,11.52
2018-04-19,76,16.0,,0.16,12.16
2018-04-20,74,16.0,,0.16,11.84
2018-04-21,71,16.0,,0.16,11.36
2018-04-22,68,16.0,,0.16,10.88
2018-04-23,83,16.0,,0.16,13.280000000000001
2018-04-24,97,16.0,,0.16,15.52
2018-04-25,91,16.0,,0.16,14.56
2018-04-26,71,16.0,,0.16,11.36
2018-04-27,70,16.0,,0.16,11.200000000000001
2018-04-28,56,16.0,,0.16,8.96
2018-04-29,62,16.0,,0.16,9.92
2018-04-30,63,16.0,,0.16,10.08
2018-05-01,85,12.0,False,0.12,10.2
2018-05-02,84,12.0,,0.12,10.08
2018-05-03,85,12.0,,0.12,10.2
2018-05-04,90,12.0,,0.12,10.799999999999999
2018-05-05,89,12.0,,0.12,10.68
2018-05-06,77,12.0,,0.12,9.24
2018-05-07,95,12.0,,0.12,11.4
2018-05-08,89,12.0,,0.12,10.68
2018-05-09,84,12.0,,0.12,10.08
2018-05-10,87,12.0,,0.12,10.44
2018-05-11,99,12.0,,0.12,11.879999999999999
2018-05-12,77,12.0,,0.12,9.24
2018-05-13,70,12.0,,0.12,8.4
2018-05-14,95,12.0,,0.12,11.4
2018-05-15,81,12.0,,0.12,9.719999999999999
2018-05-16,75,12.0,,0.12,9.0
2018-05-17,74,12.0,,0.12,8.879999999999999
2018-05-18,77,12.0,,0.12,9.24
2018-05-19,68,12.0,,0.12,8.16
2018-05-20,69,12.0,,0.12,8.28
2018-05-21,66,12.0,,0.12,7.92
2018-05-22,79,12.0,,0.12,9.48
2018-05-23,94,12.0,,0.12,11.28
2018-05-24,100,12.0,,0.12,12.0
2018-05-25,79,12.0,,0.12,9.48
2018-05-26,65,12.0,,0.12,7.8
2018-05-27,75,12.0,,0.12,9.0
2018-05-28,79,12.0,,0.12,9.48
2018-05-29,79,12.0,,0.12,9.48
2018-05-30,81,12.0,,0.12,9.719999999999999
2018-05-31,81,12.0,,0.12,9.719999999999999
2018-06-01,59,12.0,False,0.12,7.08
2018-06-02,49,12.0,,0.12,5.88
2018-06-03,50,12.0,,0.12,6.0
2018-06-04,61,12.0,,0.12,7.319999999999999
2018-06-05,56,12.0,,0.12,6.72
2018-06-06,59,12.0,,0.12,7.08
2018-06-07,54,12.0,,0.12,6.4799999999999995
2018-06-08,53,12.0,,0.12,6.359999999999999
2018-06-09,43,12.0,,0.12,5.16
2018-06-10,74,12.0,,0.12,8.879999999999999
2018-06-11,100,12.0,,0.12,12.0
2018-06-12,87,12.0,,0.12,10.44
2018-06-13,94,12.0,,0.12,11.28
2018-06-14,86,12.0,,0.12,10.32
2018-06-15,65,12.0,,0.12,7.8
2018-06-16,56,12.0,,0.12,6.72
2018-06-17,53,12.0,,0.12,6.359999999999999
2018-06-18,70,12.0,,0.12,8.4
2018-06-19,64,12.0,,0.12,7.68
2018-06-20,59,12.0,,0.12,7.08
2018-06-21,67,12.0,,0.12,8.04
2018-06-22,88,12.0,,0.12,10.559999999999999
2018-06-23,66,12.0,,0.12,7.92
2018-06-24,81,12.0,,0.12,9.719999999999999
2018-06-25,72,12.0,,0.12,8.64
2018-06-26,64,12.0,,0.12,7.68
2018-06-27,63,12.0,,0.12,7.56
2018-06-28,64,12.0,,0.12,7.68
2018-06-29,93,12.0,,0.12,11.16
2018-06-30,78,12.0,,0.12,9.36
2018-07-01,53,11.0,False,0.11,5.83
2018-07-02,77,11.0,,0.11,8.47
2018-07-03,60,11.0,,0.11,6.6
2018-07-04,53,11.0,,0.11,5.83
2018-07-05,58,11.0,,0.11,6.38
2018-07-06,53,11.0,,0.11,5.83
2018-07-07,50,11.0,,0.11,5.5
2018-07-08,54,11.0,,0.11,5.94
2018-07-09,60,11.0,,0.11,6.6
2018-07-10,64,11.0,,0.11,7.04
2018-07-11,61,11.0,,0.11,6.71
2018-07-12,63,11.0,,0.11,6.93
2018-07-13,60,11.0,,0.11,6.6
2018-07-14,58,11.0,,0.11,6.38
2018-07-15,53,11.0,,0.11,5.83
2018-07-16,63,11.0,,0.11,6.93
2018-07-17,88,11.0,,0.11,9.68
2018-07-18,91,11.0,,0.11,10.01
2018-07-19,77,11.0,,0.11,8.47
2018-07-20,69,11.0,,0.11,7.59
2018-07-21,60,11.0,,0.11,6.6
2018-07-22,56,11.0,,0.11,6.16
2018-07-23,76,11.0,,0.11,8.36
2018-07-24,100,11.0,,0.11,11.0
2018-07-25,83,11.0,,0.11,9.13
2018-07-26,82,11.0,,0.11,9.02
2018-07-27,86,11.0,,0.11,9.46
2018-07-28,56,11.0,,0.11,6.16
2018-07-29,58,11.0,,0.11,6.38
2018-07-30,71,11.0,,0.11,7.81
2018-07-31,70,11.0,,0.11,7.7
2018-08-01,68,11.0,False,0.11,7.48
2018-08-02,71,11.0,,0.11,7.81
2018-08-03,79,11.0,,0.11,8.69
2018-08-04,67,11.0,,0.11,7.37
2018-08-05,57,11.0,,0.11,6.2700000000000005
2018-08-06,73,11.0,,0.11,8.03
2018-08-07,75,11.0,,0.11,8.25
2018-08-08,90,11.0,,0.11,9.9
2018-08-09,72,11.0,,0.11,7.92
2018-08-10,71,11.0,,0.11,7.81
2018-08-11,70,11.0,,0.11,7.7
2018-08-12,57,11.0,,0.11,6.2700000000000005
2018-08-13,75,11.0,,0.11,8.25
2018-08-14,100,11.0,,0.11,11.0
2018-08-15,89,11.0,,0.11,9.790000000000001
2018-08-16,74,11.0,,0.11,8.14
2018-08-17,74,11.0,,0.11,8.14
2018-08-18,51,11.0,,0.11,5.61
2018-08-19,55,11.0,,0.11,6.05
2018-08-20,51,11.0,,0.11,5.61
2018-08-21,66,11.0,,0.11,7.26
2018-08-22,72,11.0,,0.11,7.92
2018-08-23,65,11.0,,0.11,7.15
2018-08-24,66,11.0,,0.11,7.26
2018-08-25,53,11.0,,0.11,5.83
2018-08-26,47,11.0,,0.11,5.17
2018-08-27,65,11.0,,0.11,7.15
2018-08-28,73,11.0,,0.11,8.03
2018-08-29,61,11.0,,0.11,6.71
2018-08-30,59,11.0,,0.11,6.49
2018-08-31,57,11.0,,0.11,6.2700000000000005
2018-09-01,56,9.0,False,0.09,5.04
2018-09-02,55,9.0,,0.09,4.95
2018-09-03,56,9.0,,0.09,5.04
2018-09-04,61,9.0,,0.09,5.49
2018-09-05,90,9.0,,0.09,8.1
2018-09-06,100,9.0,,0.09,9.0
2018-09-07,62,9.0,,0.09,5.58
2018-09-08,57,9.0,,0.09,5.13
2018-09-09,60,9.0,,0.09,5.3999999999999995
2018-09-10,54,9.0,,0.09,4.859999999999999
2018-09-11,64,9.0,,0.09,5.76
2018-09-12,70,9.0,,0.09,6.3
2018-09-13,62,9.0,,0.09,5.58
2018-09-14,52,9.0,,0.09,4.68
2018-09-15,47,9.0,,0.09,4.2299999999999995
2018-09-16,44,9.0,,0.09,3.96
2018-09-17,52,9.0,,0.09,4.68
2018-09-18,53,9.0,,0.09,4.77
2018-09-19,53,9.0,,0.09,4.77
2018-09-20,49,9.0,,0.09,4.41
2018-09-21,59,9.0,,0.09,5.31
2018-09-22,50,9.0,,0.09,4.5
2018-09-23,45,9.0,,0.09,4.05
2018-09-24,48,9.0,,0.09,4.32
2018-09-25,47,9.0,,0.09,4.2299999999999995
2018-09-26,58,9.0,,0.09,5.22
2018-09-27,52,9.0,,0.09,4.68
2018-09-28,49,9.0,,0.09,4.41
2018-09-29,38,9.0,,0.09,3.42
2018-09-30,41,9.0,,0.09,3.69
2018-10-01,60,7.0,False,0.07,4.2
2018-10-02,64,7.0,,0.07,4.48
2018-10-03,60,7.0,,0.07,4.2
2018-10-04,65,7.0,,0.07,4.550000000000001
2018-10-05,55,7.0,,0.07,3.8500000000000005
2018-10-06,56,7.0,,0.07,3.9200000000000004
2018-10-07,53,7.0,,0.07,3.7100000000000004
2018-10-08,58,7.0,,0.07,4.0600000000000005
2018-10-09,47,7.0,,0.07,3.2900000000000005
2018-10-10,68,7.0,,0.07,4.760000000000001
2018-10-11,100,7.0,,0.07,7.000000000000001
2018-10-12,71,7.0,,0.07,4.970000000000001
2018-10-13,53,7.0,,0.07,3.7100000000000004
2018-10-14,52,7.0,,0.07,3.6400000000000006
2018-10-15,73,7.0,,0.07,5.11
2018-10-16,70,7.0,,0.07,4.9
2018-10-17,60,7.0,,0.07,4.2
2018-10-18,55,7.0,,0.07,3.8500000000000005
2018-10-19,57,7.0,,0.07,3.99
2018-10-20,44,7.0,,0.07,3.08
2018-10-21,47,7.0,,0.07,3.2900000000000005
2018-10-22,54,7.0,,0.07,3.7800000000000002
2018-10-23,64,7.0,,0.07,4.48
2018-10-24,60,7.0,,0.07,4.2
2018-10-25,54,7.0,,0.07,3.7800000000000002
2018-10-26,58,7.0,,0.07,4.0600000000000005
2018-10-27,44,7.0,,0.07,3.08
2018-10-28,47,7.0,,0.07,3.2900000000000005
2018-10-29,66,7.0,,0.07,4.62
2018-10-30,52,7.0,,0.07,3.6400000000000006
2018-10-31,56,7.0,,0.07,3.9200000000000004
2018-11-01,31,11.0,False,0.11,3.41
2018-11-02,27,11.0,,0.11,2.97
2018-11-03,29,11.0,,0.11,3.19
2018-11-04,30,11.0,,0.11,3.3
2018-11-05,31,11.0,,0.11,3.41
2018-11-06,33,11.0,,0.11,3.63
2018-11-07,28,11.0,,0.11,3.08
2018-11-08,32,11.0,,0.11,3.52
2018-11-09,30,11.0,,0.11,3.3
2018-11-10,26,11.0,,0.11,2.86
2018-11-11,25,11.0,,0.11,2.75
2018-11-12,29,11.0,,0.11,3.19
2018-11-13,30,11.0,,0.11,3.3
2018-11-14,55,11.0,,0.11,6.05
2018-11-15,67,11.0,,0.11,7.37
2018-11-16,43,11.0,,0.11,4.73
2018-11-17,41,11.0,,0.11,4.51
2018-11-18,31,11.0,,0.11,3.41
2018-11-19,72,11.0,,0.11,7.92
2018-11-20,100,11.0,,0.11,11.0
2018-11-21,75,11.0,,0.11,8.25
2018-11-22,43,11.0,,0.11,4.73
2018-11-23,50,11.0,,0.11,5.5
2018-11-24,53,11.0,,0.11,5.83
2018-11-25,83,11.0,,0.11,9.13
2018-11-26,81,11.0,,0.11,8.91
2018-11-27,73,11.0,,0.11,8.03
2018-11-28,66,11.0,,0.11,7.26
2018-11-29,56,11.0,,0.11,6.16
2018-11-30,50,11.0,,0.11,5.5
2018-12-01,50,11.0,False,0.11,5.5
2018-12-02,47,11.0,,0.11,5.17
2018-12-03,66,11.0,,0.11,7.26
2018-12-04,74,11.0,,0.11,8.14
2018-12-05,68,11.0,,0.11,7.48
2018-12-06,77,11.0,,0.11,8.47
2018-12-07,100,11.0,,0.11,11.0
2018-12-08,68,11.0,,0.11,7.48
2018-12-09,58,11.0,,0.11,6.38
2018-12-10,64,11.0,,0.11,7.04
2018-12-11,64,11.0,,0.11,7.04
2018-12-12,61,11.0,,0.11,6.71
2018-12-13,65,11.0,,0.11,7.15
2018-12-14,83,11.0,,0.11,9.13
2018-12-15,64,11.0,,0.11,7.04
2018-12-16,55,11.0,,0.11,6.05
2018-12-17,64,11.0,,0.11,7.04
2018-12-18,66,11.0,,0.11,7.26
2018-12-19,78,11.0,,0.11,8.58
2018-12-20,73,11.0,,0.11,8.03
2018-12-21,65,11.0,,0.11,7.15
2018-12-22,51,11.0,,0.11,5.61
2018-12-23,55,11.0,,0.11,6.05
2018-12-24,64,11.0,,0.11,7.04
2018-12-25,63,11.0,,0.11,6.93
2018-12-26,59,11.0,,0.11,6.49
2018-12-27,57,11.0,,0.11,6.2700000000000005
2018-12-28,56,11.0,,0.11,6.16
2018-12-29,42,11.0,,0.11,4.62
2018-12-30,49,11.0,,0.11,5.39
2018-12-31,44,11.0,,0.11,4.84
2019-01-01,71,7.0,False,0.07,4.970000000000001
2019-01-02,79,7.0,,0.07,5.53
2019-01-03,83,7.0,,0.07,5.8100000000000005
2019-01-04,88,7.0,,0.07,6.16
2019-01-05,63,7.0,,0.07,4.41
2019-01-06,81,7.0,,0.07,5.670000000000001
2019-01-07,87,7.0,,0.07,6.090000000000001
2019-01-08,81,7.0,,0.07,5.670000000000001
2019-01-09,77,7.0,,0.07,5.390000000000001
2019-01-10,100,7.0,,0.07,7.000000000000001
2019-01-11,78,7.0,,0.07,5.460000000000001
2019-01-12,78,7.0,,0.07,5.460000000000001
2019-01-13,78,7.0,,0.07,5.460000000000001
2019-01-14,81,7.0,,0.07,5.670000000000001
2019-01-15,78,7.0,,0.07,5.460000000000001
2019-01-16,71,7.0,,0.07,4.970000000000001
2019-01-17,71,7.0,,0.07,4.970000000000001
2019-01-18,66,7.0,,0.07,4.62
2019-01-19,63,7.0,,0.07,4.41
2019-01-20,62,7.0,,0.07,4.340000000000001
2019-01-21,68,7.0,,0.07,4.760000000000001
2019-01-22,60,7.0,,0.07,4.2
2019-01-23,70,7.0,,0.07,4.9
2019-01-24,64,7.0,,0.07,4.48
2019-01-25,78,7.0,,0.07,5.460000000000001
2019-01-26,70,7.0,,0.07,4.9
2019-01-27,60,7.0,,0.07,4.2
2019-01-28,76,7.0,,0.07,5.32
2019-01-29,69,7.0,,0.07,4.83
2019-01-30,62,7.0,,0.07,4.340000000000001
2019-01-31,57,7.0,,0.07,3.99
2019-02-01,64,7.0,False,0.07,4.48
2019-02-02,57,7.0,,0.07,3.99
2019-02-03,65,7.0,,0.07,4.550000000000001
2019-02-04,66,7.0,,0.07,4.62
2019-02-05,92,7.0,,0.07,6.44
2019-02-06,79,7.0,,0.07,5.53
2019-02-07,73,7.0,,0.07,5.11
2019-02-08,84,7.0,,0.07,5.880000000000001
2019-02-09,71,7.0,,0.07,4.970000000000001
2019-02-10,66,7.0,,0.07,4.62
2019-02-11,60,7.0,,0.07,4.2
2019-02-12,66,7.0,,0.07,4.62
2019-02-13,72,7.0,,0.07,5.040000000000001
2019-02-14,65,7.0,,0.07,4.550000000000001
2019-02-15,68,7.0,,0.07,4.760000000000001
2019-02-16,62,7.0,,0.07,4.340000000000001
2019-02-17,61,7.0,,0.07,4.2700000000000005
2019-02-18,82,7.0,,0.07,5.74
2019-02-19,99,7.0,,0.07,6.930000000000001
2019-02-20,75,7.0,,0.07,5.250000000000001
2019-02-21,84,7.0,,0.07,5.880000000000001
2019-02-22,82,7.0,,0.07,5.74
2019-02-23,77,7.0,,0.07,5.390000000000001
2019-02-24,100,7.0,,0.07,7.000000000000001
2019-02-25,88,7.0,,0.07,6.16
2019-02-26,71,7.0,,0.07,4.970000000000001
2019-02-27,71,7.0,,0.07,4.970000000000001
2019-02-28,72,7.0,,0.07,5.040000000000001
2019-03-01,75,6.0,False,0.06,4.5
2019-03-02,69,6.0,,0.06,4.14
2019-03-03,71,6.0,,0.06,4.26
2019-03-04,81,6.0,,0.06,4.859999999999999
2019-03-05,94,6.0,,0.06,5.64
2019-03-06,99,6.0,,0.06,5.9399999999999995
2019-03-07,97,6.0,,0.06,5.819999999999999
2019-03-08,74,6.0,,0.06,4.4399999999999995
2019-03-09,85,6.0,,0.06,5.1
2019-03-10,81,6.0,,0.06,4.859999999999999
2019-03-11,80,6.0,,0.06,4.8
2019-03-12,86,6.0,,0.06,5.16
2019-03-13,86,6.0,,0.06,5.16
2019-03-14,89,6.0,,0.06,5.34
2019-03-15,70,6.0,,0.06,4.2
2019-03-16,94,6.0,,0.06,5.64
2019-03-17,76,6.0,,0.06,4.56
2019-03-18,81,6.0,,0.06,4.859999999999999
2019-03-19,92,6.0,,0.06,5.52
2019-03-20,100,6.0,,0.06,6.0
2019-03-21,95,6.0,,0.06,5.7
2019-03-22,75,6.0,,0.06,4.5
2019-03-23,78,6.0,,0.06,4.68
2019-03-24,75,6.0,,0.06,4.5
2019-03-25,79,6.0,,0.06,4.74
2019-03-26,69,6.0,,0.06,4.14
2019-03-27,79,6.0,,0.06,4.74
2019-03-28,84,6.0,,0.06,5.04
2019-03-29,81,6.0,,0.06,4.859999999999999
2019-03-30,74,6.0,,0.06,4.4399999999999995
2019-03-31,77,6.0,,0.06,4.62
2019-04-01,45,10.0,False,0.1,4.5
2019-04-02,99,10.0,,0.1,9.9
2019-04-03,100,10.0,,0.1,10.0
2019-04-04,68,10.0,,0.1,6.800000000000001
2019-04-05,56,10.0,,0.1,5.6000000000000005
2019-04-06,54,10.0,,0.1,5.4
2019-04-07,48,10.0,,0.1,4.800000000000001
2019-04-08,66,10.0,,0.1,6.6000000000000005
2019-04-09,53,10.0,,0.1,5.300000000000001
2019-04-10,57,10.0,,0.1,5.7
2019-04-11,51,10.0,,0.1,5.1000000000000005
2019-04-12,48,10.0,,0.1,4.800000000000001
2019-04-13,46,10.0,,0.1,4.6000000000000005
2019-04-14,38,10.0,,0.1,3.8000000000000003
2019-04-15,48,10.0,,0.1,4.800000000000001
2019-04-16,48,10.0,,0.1,4.800000000000001
2019-04-17,51,10.0,,0.1,5.1000000000000005
2019-04-18,40,10.0,,0.1,4.0
2019-04-19,45,10.0,,0.1,4.5
2019-04-20,44,10.0,,0.1,4.4
2019-04-21,45,10.0,,0.1,4.5
2019-04-22,48,10.0,,0.1,4.800000000000001
2019-04-23,54,10.0,,0.1,5.4
2019-04-24,54,10.0,,0.1,5.4
2019-04-25,41,10.0,,0.1,4.1000000000000005
2019-04-26,58,10.0,,0.1,5.800000000000001
2019-04-27,42,10.0,,0.1,4.2
2019-04-28,43,10.0,,0.1,4.3
2019-04-29,42,10.0,,0.1,4.2
2019-04-30,37,10.0,,0.1,3.7
2019-05-01,29,14.0,False,0.14,4.0600000000000005
2019-05-02,28,14.0,,0.14,3.9200000000000004
2019-05-03,37,14.0,,0.14,5.180000000000001
2019-05-04,37,14.0,,0.14,5.180000000000001
2019-05-05,37,14.0,,0.14,5.180000000000001
2019-05-06,34,14.0,,0.14,4.760000000000001
2019-05-07,45,14.0,,0.14,6.300000000000001
2019-05-08,42,14.0,,0.14,5.880000000000001
2019-05-09,46,14.0,,0.14,6.44
2019-05-10,56,14.0,,0.14,7.840000000000001
2019-05-11,74,14.0,,0.14,10.360000000000001
2019-05-12,72,14.0,,0.14,10.080000000000002
2019-05-13,91,14.0,,0.14,12.740000000000002
2019-05-14,100,14.0,,0.14,14.000000000000002
2019-05-15,84,14.0,,0.14,11.760000000000002
2019-05-16,76,14.0,,0.14,10.64
2019-05-17,73,14.0,,0.14,10.22
2019-05-18,53,14.0,,0.14,7.420000000000001
2019-05-19,65,14.0,,0.14,9.100000000000001
2019-05-20,63,14.0,,0.14,8.82
2019-05-21,60,14.0,,0.14,8.4
2019-05-22,51,14.0,,0.14,7.140000000000001
2019-05-23,50,14.0,,0.14,7.000000000000001
2019-05-24,53,14.0,,0.14,7.420000000000001
2019-05-25,45,14.0,,0.14,6.300000000000001
2019-05-26,46,14.0,,0.14,6.44
2019-05-27,78,14.0,,0.14,10.920000000000002
2019-05-28,56,14.0,,0.14,7.840000000000001
2019-05-29,58,14.0,,0.14,8.120000000000001
2019-05-30,61,14.0,,0.14,8.540000000000001
2019-05-31,57,14.0,,0.14,7.98
2019-06-01,28,17.0,False,0.17,4.760000000000001
2019-06-02,26,17.0,,0.17,4.42
2019-06-03,26,17.0,,0.17,4.42
2019-06-04,30,17.0,,0.17,5.1000000000000005
2019-06-05,24,17.0,,0.17,4.08
2019-06-06,23,17.0,,0.17,3.91
2019-06-07,23,17.0,,0.17,3.91
2019-06-08,21,17.0,,0.17,3.5700000000000003
2019-06-09,20,17.0,,0.17,3.4000000000000004
2019-06-10,22,17.0,,0.17,3.74
2019-06-11,19,17.0,,0.17,3.2300000000000004
2019-06-12,21,17.0,,0.17,3.5700000000000003
2019-06-13,22,17.0,,0.17,3.74
2019-06-14,22,17.0,,0.17,3.74
2019-06-15,22,17.0,,0.17,3.74
2019-06-16,32,17.0,,0.17,5.44
2019-06-17,34,17.0,,0.17,5.78
2019-06-18,35,17.0,,0.17,5.95
2019-06-19,27,17.0,,0.17,4.590000000000001
2019-06-20,30,17.0,,0.17,5.1000000000000005
2019-06-21,38,17.0,,0.17,6.460000000000001
2019-06-22,66,17.0,,0.17,11.22
2019-06-23,43,17.0,,0.17,7.3100000000000005
2019-06-24,45,17.0,,0.17,7.65
2019-06-25,45,17.0,,0.17,7.65
2019-06-26,100,17.0,,0.17,17.0
2019-06-27,78,17.0,,0.17,13.260000000000002
2019-06-28,55,17.0,,0.17,9.350000000000001
2019-06-29,39,17.0,,0.17,6.630000000000001
2019-06-30,37,17.0,,0.17,6.29
2019-07-01,91,14.0,False,0.14,12.740000000000002
2019-07-02,90,14.0,,0.14,12.600000000000001
2019-07-03,84,14.0,,0.14,11.760000000000002
2019-07-04,70,14.0,,0.14,9.8
2019-07-05,72,14.0,,0.14,10.080000000000002
2019-07-06,64,14.0,,0.14,8.96
2019-07-07,61,14.0,,0.14,8.540000000000001
2019-07-08,75,14.0,,0.14,10.500000000000002
2019-07-09,83,14.0,,0.14,11.620000000000001
2019-07-10,100,14.0,,0.14,14.000000000000002
2019-07-11,80,14.0,,0.14,11.200000000000001
2019-07-12,84,14.0,,0.14,11.760000000000002
2019-07-13,70,14.0,,0.14,9.8
2019-07-14,67,14.0,,0.14,9.38
2019-07-15,80,14.0,,0.14,11.200000000000001
2019-07-16,93,14.0,,0.14,13.020000000000001
2019-07-17,92,14.0,,0.14,12.88
2019-07-18,81,14.0,,0.14,11.340000000000002
2019-07-19,72,14.0,,0.14,10.080000000000002
2019-07-20,60,14.0,,0.14,8.4
2019-07-21,50,14.0,,0.14,7.000000000000001
2019-07-22,59,14.0,,0.14,8.260000000000002
2019-07-23,63,14.0,,0.14,8.82
2019-07-24,63,14.0,,0.14,8.82
2019-07-25,64,14.0,,0.14,8.96
2019-07-26,52,14.0,,0.14,7.280000000000001
2019-07-27,61,14.0,,0.14,8.540000000000001
2019-07-28,42,14.0,,0.14,5.880000000000001
2019-07-29,54,14.0,,0.14,7.5600000000000005
2019-07-30,56,14.0,,0.14,7.840000000000001
2019-07-31,54,14.0,,0.14,7.5600000000000005
2019-08-01,70,11.0,False,0.11,7.7
2019-08-02,70,11.0,,0.11,7.7
2019-08-03,67,11.0,,0.11,7.37
2019-08-04,57,11.0,,0.11,6.2700000000000005
2019-08-05,100,11.0,,0.11,11.0
2019-08-06,83,11.0,,0.11,9.13
2019-08-07,85,11.0,,0.11,9.35
2019-08-08,78,11.0,,0.11,8.58
2019-08-09,60,11.0,,0.11,6.6
2019-08-10,68,11.0,,0.11,7.48
2019-08-11,62,11.0,,0.11,6.82
2019-08-12,63,11.0,,0.11,6.93
2019-08-13,69,11.0,,0.11,7.59
2019-08-14,81,11.0,,0.11,8.91
2019-08-15,84,11.0,,0.11,9.24
2019-08-16,70,11.0,,0.11,7.7
2019-08-17,58,11.0,,0.11,6.38
2019-08-18,57,11.0,,0.11,6.2700000000000005
2019-08-19,63,11.0,,0.11,6.93
2019-08-20,56,11.0,,0.11,6.16
2019-08-21,71,11.0,,0.11,7.81
2019-08-22,61,11.0,,0.11,6.71
2019-08-23,59,11.0,,0.11,6.49
2019-08-24,54,11.0,,0.11,5.94
2019-08-25,53,11.0,,0.11,5.83
2019-08-26,56,11.0,,0.11,6.16
2019-08-27,62,11.0,,0.11,6.82
2019-08-28,63,11.0,,0.11,6.93
2019-08-29,67,11.0,,0.11,7.37
2019-08-30,54,11.0,,0.11,5.94
2019-08-31,44,11.0,,0.11,4.84
2019-09-01,53,9.0,False,0.09,4.77
2019-09-02,56,9.0,,0.09,5.04
2019-09-03,65,9.0,,0.09,5.85
2019-09-04,66,9.0,,0.09,5.9399999999999995
2019-09-05,59,9.0,,0.09,5.31
2019-09-06,64,9.0,,0.09,5.76
2019-09-07,46,9.0,,0.09,4.14
2019-09-08,52,9.0,,0.09,4.68
2019-09-09,49,9.0,,0.09,4.41
2019-09-10,59,9.0,,0.09,5.31
2019-09-11,56,9.0,,0.09,5.04
2019-09-12,57,9.0,,0.09,5.13
2019-09-13,44,9.0,,0.09,3.96
2019-09-14,48,9.0,,0.09,4.32
2019-09-15,52,9.0,,0.09,4.68
2019-09-16,51,9.0,,0.09,4.59
2019-09-17,54,9.0,,0.09,4.859999999999999
2019-09-18,45,9.0,,0.09,4.05
2019-09-19,57,9.0,,0.09,5.13
2019-09-20,48,9.0,,0.09,4.32
2019-09-21,50,9.0,,0.09,4.5
2019-09-22,42,9.0,,0.09,3.78
2019-09-23,58,9.0,,0.09,5.22
2019-09-24,94,9.0,,0.09,8.459999999999999
2019-09-25,92,9.0,,0.09,8.28
2019-09-26,100,9.0,,0.09,9.0
2019-09-27,73,9.0,,0.09,6.569999999999999
2019-09-28,62,9.0,,0.09,5.58
2019-09-29,58,9.0,,0.09,5.22
2019-09-30,58,9.0,,0.09,5.22
2019-10-01,54,9.0,False,0.09,4.859999999999999
2019-10-02,54,9.0,,0.09,4.859999999999999
2019-10-03,55,9.0,,0.09,4.95
2019-10-04,41,9.0,,0.09,3.69
2019-10-05,48,9.0,,0.09,4.32
2019-10-06,41,9.0,,0.09,3.69
2019-10-07,51,9.0,,0.09,4.59
2019-10-08,44,9.0,,0.09,3.96
2019-10-09,55,9.0,,0.09,4.95
2019-10-10,43,9.0,,0.09,3.8699999999999997
2019-10-11,45,9.0,,0.09,4.05
2019-10-12,41,9.0,,0.09,3.69
2019-10-13,40,9.0,,0.09,3.5999999999999996
2019-10-14,49,9.0,,0.09,4.41
2019-10-15,45,9.0,,0.09,4.05
2019-10-16,47,9.0,,0.09,4.2299999999999995
2019-10-17,50,9.0,,0.09,4.5
2019-10-18,47,9.0,,0.09,4.2299999999999995
2019-10-19,44,9.0,,0.09,3.96
2019-10-20,41,9.0,,0.09,3.69
2019-10-21,45,9.0,,0.09,4.05
2019-10-22,47,9.0,,0.09,4.2299999999999995
2019-10-23,63,9.0,,0.09,5.67
2019-10-24,51,9.0,,0.09,4.59
2019-10-25,66,9.0,,0.09,5.9399999999999995
2019-10-26,100,9.0,,0.09,9.0
2019-10-27,63,9.0,,0.09,5.67
2019-10-28,58,9.0,,0.09,5.22
2019-10-29,55,9.0,,0.09,4.95
2019-10-30,58,9.0,,0.09,5.22
2019-10-31,51,9.0,,0.09,4.59
2019-11-01,66,8.0,False,0.08,5.28
2019-11-02,58,8.0,,0.08,4.64
2019-11-03,59,8.0,,0.08,4.72
2019-11-04,70,8.0,,0.08,5.6000000000000005
2019-11-05,75,8.0,,0.08,6.0
2019-11-06,63,8.0,,0.08,5.04
2019-11-07,70,8.0,,0.08,5.6000000000000005
2019-11-08,69,8.0,,0.08,5.5200000000000005
2019-11-09,63,8.0,,0.08,5.04
2019-11-10,59,8.0,,0.08,4.72
2019-11-11,66,8.0,,0.08,5.28
2019-11-12,59,8.0,,0.08,4.72
2019-11-13,59,8.0,,0.08,4.72
2019-11-14,56,8.0,,0.08,4.48
2019-11-15,54,8.0,,0.08,4.32
2019-11-16,57,8.0,,0.08,4.5600000000000005
2019-11-17,58,8.0,,0.08,4.64
2019-11-18,63,8.0,,0.08,5.04
2019-11-19,61,8.0,,0.08,4.88
2019-11-20,64,8.0,,0.08,5.12
2019-11-21,76,8.0,,0.08,6.08
2019-11-22,100,8.0,,0.08,8.0
2019-11-23,75,8.0,,0.08,6.0
2019-11-24,67,8.0,,0.08,5.36
2019-11-25,96,8.0,,0.08,7.68
2019-11-26,73,8.0,,0.08,5.84
2019-11-27,78,8.0,,0.08,6.24
2019-11-28,67,8.0,,0.08,5.36
2019-11-29,68,8.0,,0.08,5.44
2019-11-30,57,8.0,,0.08,4.5600000000000005
2019-12-01,75,7.0,False,0.07,5.250000000000001
2019-12-02,70,7.0,,0.07,4.9
2019-12-03,77,7.0,,0.07,5.390000000000001
2019-12-04,89,7.0,,0.07,6.23
2019-12-05,84,7.0,,0.07,5.880000000000001
2019-12-06,71,7.0,,0.07,4.970000000000001
2019-12-07,83,7.0,,0.07,5.8100000000000005
2019-12-08,71,7.0,,0.07,4.970000000000001
2019-12-09,78,7.0,,0.07,5.460000000000001
2019-12-10,72,7.0,,0.07,5.040000000000001
2019-12-11,75,7.0,,0.07,5.250000000000001
2019-12-12,76,7.0,,0.07,5.32
2019-12-13,71,7.0,,0.07,4.970000000000001
2019-12-14,66,7.0,,0.07,4.62
2019-12-15,64,7.0,,0.07,4.48
2019-12-16,73,7.0,,0.07,5.11
2019-12-17,93,7.0,,0.07,6.510000000000001
2019-12-18,100,7.0,,0.07,7.000000000000001
2019-12-19,81,7.0,,0.07,5.670000000000001
2019-12-20,80,7.0,,0.07,5.6000000000000005
2019-12-21,73,7.0,,0.07,5.11
2019-12-22,69,7.0,,0.07,4.83
2019-12-23,77,7.0,,0.07,5.390000000000001
2019-12-24,67,7.0,,0.07,4.69
2019-12-25,65,7.0,,0.07,4.550000000000001
2019-12-26,76,7.0,,0.07,5.32
2019-12-27,70,7.0,,0.07,4.9
2019-12-28,72,7.0,,0.07,5.040000000000001
2019-12-29,68,7.0,,0.07,4.760000000000001
2019-12-30,74,7.0,,0.07,5.180000000000001
2019-12-31,70,7.0,,0.07,4.9
2020-01-01,55,9.0,False,0.09,4.95
2020-01-02,69,9.0,,0.09,6.21
2020-01-03,71,9.0,,0.09,6.39
2020-01-04,72,9.0,,0.09,6.4799999999999995
2020-01-05,70,9.0,,0.09,6.3
2020-01-06,75,9.0,,0.09,6.75
2020-01-07,93,9.0,,0.09,8.37
2020-01-08,92,9.0,,0.09,8.28
2020-01-09,69,9.0,,0.09,6.21
2020-01-10,71,9.0,,0.09,6.39
2020-01-11,87,9.0,,0.09,7.83
2020-01-12,67,9.0,,0.09,6.029999999999999
2020-01-13,70,9.0,,0.09,6.3
2020-01-14,100,9.0,,0.09,9.0
2020-01-15,87,9.0,,0.09,7.83
2020-01-16,80,9.0,,0.09,7.199999999999999
2020-01-17,80,9.0,,0.09,7.199999999999999
2020-01-18,75,9.0,,0.09,6.75
2020-01-19,81,9.0,,0.09,7.29
2020-01-20,76,9.0,,0.09,6.84
2020-01-21,68,9.0,,0.09,6.12
2020-01-22,67,9.0,,0.09,6.029999999999999
2020-01-23,72,9.0,,0.09,6.4799999999999995
2020-01-24,63,9.0,,0.09,5.67
2020-01-25,59,9.0,,0.09,5.31
2020-01-26,53,9.0,,0.09,4.77
2020-01-27,67,9.0,,0.09,6.029999999999999
2020-01-28,77,9.0,,0.09,6.93
2020-01-29,94,9.0,,0.09,8.459999999999999
2020-01-30,93,9.0,,0.09,8.37
2020-01-31,86,9.0,,0.09,7.739999999999999
2020-02-01,63,10.0,False,0.1,6.300000000000001
2020-02-02,56,10.0,,0.1,5.6000000000000005
2020-02-03,59,10.0,,0.1,5.9
2020-02-04,64,10.0,,0.1,6.4
2020-02-05,76,10.0,,0.1,7.6000000000000005
2020-02-06,62,10.0,,0.1,6.2
2020-02-07,68,10.0,,0.1,6.800000000000001
2020-02-08,64,10.0,,0.1,6.4
2020-02-09,100,10.0,,0.1,10.0
2020-02-10,74,10.0,,0.1,7.4
2020-02-11,88,10.0,,0.1,8.8
2020-02-12,83,10.0,,0.1,8.3
2020-02-13,74,10.0,,0.1,7.4
2020-02-14,67,10.0,,0.1,6.7
2020-02-15,67,10.0,,0.1,6.7
2020-02-16,70,10.0,,0.1,7.0
2020-02-17,73,10.0,,0.1,7.300000000000001
2020-02-18,68,10.0,,0.1,6.800000000000001
2020-02-19,76,10.0,,0.1,7.6000000000000005
2020-02-20,73,10.0,,0.1,7.300000000000001
2020-02-21,65,10.0,,0.1,6.5
2020-02-22,60,10.0,,0.1,6.0
2020-02-23,51,10.0,,0.1,5.1000000000000005
2020-02-24,69,10.0,,0.1,6.9
2020-02-25,67,10.0,,0.1,6.7
2020-02-26,76,10.0,,0.1,7.6000000000000005
2020-02-27,76,10.0,,0.1,7.6000000000000005
2020-02-28,76,10.0,,0.1,7.6000000000000005
2020-02-29,66,10.0,,0.1,6.6000000000000005
2020-03-01,27,13.0,False,0.13,3.5100000000000002
2020-03-02,28,13.0,,0.13,3.64
2020-03-03,25,13.0,,0.13,3.25
2020-03-04,26,13.0,,0.13,3.38
2020-03-05,27,13.0,,0.13,3.5100000000000002
2020-03-06,26,13.0,,0.13,3.38
2020-03-07,27,13.0,,0.13,3.5100000000000002
2020-03-08,28,13.0,,0.13,3.64
2020-03-09,45,13.0,,0.13,5.8500000000000005
2020-03-10,35,13.0,,0.13,4.55
2020-03-11,33,13.0,,0.13,4.29
2020-03-12,66,13.0,,0.13,8.58
2020-03-13,100,13.0,,0.13,13.0
2020-03-14,57,13.0,,0.13,7.41
2020-03-15,45,13.0,,0.13,5.8500000000000005
2020-03-16,65,13.0,,0.13,8.450000000000001
2020-03-17,50,13.0,,0.13,6.5
2020-03-18,48,13.0,,0.13,6.24
2020-03-19,48,13.0,,0.13,6.24
2020-03-20,46,13.0,,0.13,5.98
2020-03-21,43,13.0,,0.13,5.59
2020-03-22,40,13.0,,0.13,5.2
2020-03-23,42,13.0,,0.13,5.46
2020-03-24,46,13.0,,0.13,5.98
2020-03-25,38,13.0,,0.13,4.94
2020-03-26,37,13.0,,0.13,4.8100000000000005
2020-03-27,33,13.0,,0.13,4.29
2020-03-28,34,13.0,,0.13,4.42
2020-03-29,32,13.0,,0.13,4.16
2020-03-30,30,13.0,,0.13,3.9000000000000004
2020-03-31,30,13.0,,0.13,3.9000000000000004
2020-04-01,52,10.0,False,0.1,5.2
2020-04-02,62,10.0,,0.1,6.2
2020-04-03,60,10.0,,0.1,6.0
2020-04-04,50,10.0,,0.1,5.0
2020-04-05,49,10.0,,0.1,4.9
2020-04-06,64,10.0,,0.1,6.4
2020-04-07,58,10.0,,0.1,5.800000000000001
2020-04-08,55,10.0,,0.1,5.5
2020-04-09,54,10.0,,0.1,5.4
2020-04-10,61,10.0,,0.1,6.1000000000000005
2020-04-11,53,10.0,,0.1,5.300000000000001
2020-04-12,52,10.0,,0.1,5.2
2020-04-13,56,10.0,,0.1,5.6000000000000005
2020-04-14,50,10.0,,0.1,5.0
2020-04-15,57,10.0,,0.1,5.7
2020-04-16,62,10.0,,0.1,6.2
2020-04-17,55,10.0,,0.1,5.5
2020-04-18,58,10.0,,0.1,5.800000000000001
2020-04-19,49,10.0,,0.1,4.9
2020-04-20,54,10.0,,0.1,5.4
2020-04-21,51,10.0,,0.1,5.1000000000000005
2020-04-22,52,10.0,,0.1,5.2
2020-04-23,56,10.0,,0.1,5.6000000000000005
2020-04-24,55,10.0,,0.1,5.5
2020-04-25,66,10.0,,0.1,6.6000000000000005
2020-04-26,57,10.0,,0.1,5.7
2020-04-27,58,10.0,,0.1,5.800000000000001
2020-04-28,71,10.0,,0.1,7.1000000000000005
2020-04-29,95,10.0,,0.1,9.5
2020-04-30,100,10.0,,0.1,10.0
2020-05-01,51,13.0,False,0.13,6.63
2020-05-02,46,13.0,,0.13,5.98
2020-05-03,49,13.0,,0.13,6.37
2020-05-04,46,13.0,,0.13,5.98
2020-05-05,45,13.0,,0.13,5.8500000000000005
2020-05-06,54,13.0,,0.13,7.0200000000000005
2020-05-07,64,13.0,,0.13,8.32
2020-05-08,77,13.0,,0.13,10.01
2020-05-09,62,13.0,,0.13,8.06
2020-05-10,86,13.0,,0.13,11.18
2020-05-11,100,13.0,,0.13,13.0
2020-05-12,70,13.0,,0.13,9.1
2020-05-13,63,13.0,,0.13,8.19
2020-05-14,58,13.0,,0.13,7.54
2020-05-15,46,13.0,,0.13,5.98
2020-05-16,45,13.0,,0.13,5.8500000000000005
2020-05-17,48,13.0,,0.13,6.24
2020-05-18,48,13.0,,0.13,6.24
2020-05-19,45,13.0,,0.13,5.8500000000000005
2020-05-20,44,13.0,,0.13,5.720000000000001
2020-05-21,45,13.0,,0.13,5.8500000000000005
2020-05-22,38,13.0,,0.13,4.94
2020-05-23,39,13.0,,0.13,5.07
2020-05-24,37,13.0,,0.13,4.8100000000000005
2020-05-25,39,13.0,,0.13,5.07
2020-05-26,39,13.0,,0.13,5.07
2020-05-27,38,13.0,,0.13,4.94
2020-05-28,38,13.0,,0.13,4.94
2020-05-29,39,13.0,,0.13,5.07
2020-05-30,35,13.0,,0.13,4.55
2020-05-31,31,13.0,,0.13,4.03
2020-06-01,67,9.0,False,0.09,6.029999999999999
2020-06-02,100,9.0,,0.09,9.0
2020-06-03,72,9.0,,0.09,6.4799999999999995
2020-06-04,70,9.0,,0.09,6.3
2020-06-05,66,9.0,,0.09,5.9399999999999995
2020-06-06,68,9.0,,0.09,6.12
2020-06-07,58,9.0,,0.09,5.22
2020-06-08,65,9.0,,0.09,5.85
2020-06-09,62,9.0,,0.09,5.58
2020-06-10,65,9.0,,0.09,5.85
2020-06-11,75,9.0,,0.09,6.75
2020-06-12,67,9.0,,0.09,6.029999999999999
2020-06-13,61,9.0,,0.09,5.49
2020-06-14,65,9.0,,0.09,5.85
2020-06-15,59,9.0,,0.09,5.31
2020-06-16,53,9.0,,0.09,4.77
2020-06-17,60,9.0,,0.09,5.3999999999999995
2020-06-18,59,9.0,,0.09,5.31
2020-06-19,52,9.0,,0.09,4.68
2020-06-20,50,9.0,,0.09,4.5
2020-06-21,51,9.0,,0.09,4.59
2020-06-22,67,9.0,,0.09,6.029999999999999
2020-06-23,57,9.0,,0.09,5.13
2020-06-24,57,9.0,,0.09,5.13
2020-06-25,57,9.0,,0.09,5.13
2020-06-26,62,9.0,,0.09,5.58
2020-06-27,59,9.0,,0.09,5.31
2020-06-28,63,9.0,,0.09,5.67
2020-06-29,58,9.0,,0.09,5.22
2020-06-30,51,9.0,,0.09,4.59
2020-07-01,45,10.0,False,0.1,4.5
2020-07-02,38,10.0,,0.1,3.8000000000000003
2020-07-03,36,10.0,,0.1,3.6
2020-07-04,38,10.0,,0.1,3.8000000000000003
2020-07-05,37,10.0,,0.1,3.7
2020-07-06,43,10.0,,0.1,4.3
2020-07-07,41,10.0,,0.1,4.1000000000000005
2020-07-08,45,10.0,,0.1,4.5
2020-07-09,45,10.0,,0.1,4.5
2020-07-10,45,10.0,,0.1,4.5
2020-07-11,42,10.0,,0.1,4.2
2020-07-12,39,10.0,,0.1,3.9000000000000004
2020-07-13,43,10.0,,0.1,4.3
2020-07-14,44,10.0,,0.1,4.4
2020-07-15,61,10.0,,0.1,6.1000000000000005
2020-07-16,62,10.0,,0.1,6.2
2020-07-17,51,10.0,,0.1,5.1000000000000005
2020-07-18,45,10.0,,0.1,4.5
2020-07-19,38,10.0,,0.1,3.8000000000000003
2020-07-20,41,10.0,,0.1,4.1000000000000005
2020-07-21,40,10.0,,0.1,4.0
2020-07-22,42,10.0,,0.1,4.2
2020-07-23,45,10.0,,0.1,4.5
2020-07-24,45,10.0,,0.1,4.5
2020-07-25,52,10.0,,0.1,5.2
2020-07-26,53,10.0,,0.1,5.300000000000001
2020-07-27,100,10.0,,0.1,10.0
2020-07-28,96,10.0,,0.1,9.600000000000001
2020-07-29,73,10.0,,0.1,7.300000000000001
2020-07-30,64,10.0,,0.1,6.4
2020-07-31,65,10.0,,0.1,6.5
2020-08-01,76,11.0,False,0.11,8.36
2020-08-02,100,11.0,,0.11,11.0
2020-08-03,73,11.0,,0.11,8.03
2020-08-04,65,11.0,,0.11,7.15
2020-08-05,71,11.0,,0.11,7.81
2020-08-06,73,11.0,,0.11,8.03
2020-08-07,66,11.0,,0.11,7.26
2020-08-08,61,11.0,,0.11,6.71
2020-08-09,57,11.0,,0.11,6.2700000000000005
2020-08-10,73,11.0,,0.11,8.03
2020-08-11,60,11.0,,0.11,6.6
2020-08-12,53,11.0,,0.11,5.83
2020-08-13,63,11.0,,0.11,6.93
2020-08-14,64,11.0,,0.11,7.04
2020-08-15,58,11.0,,0.11,6.38
2020-08-16,49,11.0,,0.11,5.39
2020-08-17,68,11.0,,0.11,7.48
2020-08-18,67,11.0,,0.11,7.37
2020-08-19,54,11.0,,0.11,5.94
2020-08-20,54,11.0,,0.11,5.94
2020-08-21,54,11.0,,0.11,5.94
2020-08-22,50,11.0,,0.11,5.5
2020-08-23,47,11.0,,0.11,5.17
2020-08-24,47,11.0,,0.11,5.17
2020-08-25,49,11.0,,0.11,5.39
2020-08-26,43,11.0,,0.11,4.73
2020-08-27,44,11.0,,0.11,4.84
2020-08-28,43,11.0,,0.11,4.73
2020-08-29,43,11.0,,0.11,4.73
2020-08-30,44,11.0,,0.11,4.84
2020-08-31,43,11.0,,0.11,4.73
2020-09-01,89,8.0,False,0.08,7.12
2020-09-02,85,8.0,,0.08,6.8
2020-09-03,100,8.0,,0.08,8.0
2020-09-04,90,8.0,,0.08,7.2
2020-09-05,93,8.0,,0.08,7.44
2020-09-06,84,8.0,,0.08,6.72
2020-09-07,81,8.0,,0.08,6.48
2020-09-08,72,8.0,,0.08,5.76
2020-09-09,80,8.0,,0.08,6.4
2020-09-10,78,8.0,,0.08,6.24
2020-09-11,63,8.0,,0.08,5.04
2020-09-12,58,8.0,,0.08,4.64
2020-09-13,66,8.0,,0.08,5.28
2020-09-14,63,8.0,,0.08,5.04
2020-09-15,65,8.0,,0.08,5.2
2020-09-16,72,8.0,,0.08,5.76
2020-09-17,65,8.0,,0.08,5.2
2020-09-18,65,8.0,,0.08,5.2
2020-09-19,70,8.0,,0.08,5.6000000000000005
2020-09-20,56,8.0,,0.08,4.48
2020-09-21,70,8.0,,0.08,5.6000000000000005
2020-09-22,60,8.0,,0.08,4.8
2020-09-23,62,8.0,,0.08,4.96
2020-09-24,59,8.0,,0.08,4.72
2020-09-25,60,8.0,,0.08,4.8
2020-09-26,57,8.0,,0.08,4.5600000000000005
2020-09-27,53,8.0,,0.08,4.24
2020-09-28,63,8.0,,0.08,5.04
2020-09-29,61,8.0,,0.08,4.88
2020-09-30,53,8.0,,0.08,4.24
2020-10-01,39,10.0,False,0.1,3.9000000000000004
2020-10-02,43,10.0,,0.1,4.3
2020-10-03,42,10.0,,0.1,4.2
2020-10-04,39,10.0,,0.1,3.9000000000000004
2020-10-05,41,10.0,,0.1,4.1000000000000005
2020-10-06,39,10.0,,0.1,3.9000000000000004
2020-10-07,33,10.0,,0.1,3.3000000000000003
2020-10-08,46,10.0,,0.1,4.6000000000000005
2020-10-09,51,10.0,,0.1,5.1000000000000005
2020-10-10,51,10.0,,0.1,5.1000000000000005
2020-10-11,43,10.0,,0.1,4.3
2020-10-12,49,10.0,,0.1,4.9
2020-10-13,51,10.0,,0.1,5.1000000000000005
2020-10-14,47,10.0,,0.1,4.7
2020-10-15,50,10.0,,0.1,5.0
2020-10-16,44,10.0,,0.1,4.4
2020-10-17,41,10.0,,0.1,4.1000000000000005
2020-10-18,47,10.0,,0.1,4.7
2020-10-19,48,10.0,,0.1,4.800000000000001
2020-10-20,61,10.0,,0.1,6.1000000000000005
2020-10-21,100,10.0,,0.1,10.0
2020-10-22,91,10.0,,0.1,9.1
2020-10-23,66,10.0,,0.1,6.6000000000000005
2020-10-24,68,10.0,,0.1,6.800000000000001
2020-10-25,62,10.0,,0.1,6.2
2020-10-26,64,10.0,,0.1,6.4
2020-10-27,82,10.0,,0.1,8.200000000000001
2020-10-28,76,10.0,,0.1,7.6000000000000005
2020-10-29,73,10.0,,0.1,7.300000000000001
2020-10-30,67,10.0,,0.1,6.7
2020-10-31,69,10.0,,0.1,6.9
2020-11-01,41,17.0,False,0.17,6.970000000000001
2020-11-02,37,17.0,,0.17,6.29
2020-11-03,38,17.0,,0.17,6.460000000000001
2020-11-04,29,17.0,,0.17,4.930000000000001
2020-11-05,48,17.0,,0.17,8.16
2020-11-06,56,17.0,,0.17,9.520000000000001
2020-11-07,45,17.0,,0.17,7.65
2020-11-08,45,17.0,,0.17,7.65
2020-11-09,47,17.0,,0.17,7.99
2020-11-10,40,17.0,,0.17,6.800000000000001
2020-11-11,43,17.0,,0.17,7.3100000000000005
2020-11-12,49,17.0,,0.17,8.33
2020-11-13,57,17.0,,0.17,9.690000000000001
2020-11-14,46,17.0,,0.17,7.82
2020-11-15,38,17.0,,0.17,6.460000000000001
2020-11-16,54,17.0,,0.17,9.180000000000001
2020-11-17,81,17.0,,0.17,13.770000000000001
2020-11-18,93,17.0,,0.17,15.81
2020-11-19,74,17.0,,0.17,12.58
2020-11-20,82,17.0,,0.17,13.940000000000001
2020-11-21,74,17.0,,0.17,12.58
2020-11-22,70,17.0,,0.17,11.9
2020-11-23,65,17.0,,0.17,11.05
2020-11-24,94,17.0,,0.17,15.98
2020-11-25,80,17.0,,0.17,13.600000000000001
2020-11-26,100,17.0,,0.17,17.0
2020-11-27,77,17.0,,0.17,13.090000000000002
2020-11-28,65,17.0,,0.17,11.05
2020-11-29,55,17.0,,0.17,9.350000000000001
2020-11-30,86,17.0,,0.17,14.620000000000001
2020-12-01,49,25.0,False,0.25,12.25
2020-12-02,37,25.0,,0.25,9.25
2020-12-03,39,25.0,,0.25,9.75
2020-12-04,37,25.0,,0.25,9.25
2020-12-05,31,25.0,,0.25,7.75
2020-12-06,29,25.0,,0.25,7.25
2020-12-07,31,25.0,,0.25,7.75
2020-12-08,31,25.0,,0.25,7.75
2020-12-09,30,25.0,,0.25,7.5
2020-12-10,28,25.0,,0.25,7.0
2020-12-11,28,25.0,,0.25,7.0
2020-12-12,24,25.0,,0.25,6.0
2020-12-13,24,25.0,,0.25,6.0
2020-12-14,26,25.0,,0.25,6.5
2020-12-15,29,25.0,,0.25,7.25
